Component,Model,Frozen specification,Seed / reproducibility record
Candidate set,All,54 network-pharmacology targets defined independently of GSE103940 labels; 39 were expression-eligible in the frozen Phase 4 TMM/voom matrix,Not applicable
Outer validation,All,11-fold subject-level LOSO; 10 subjects (20 samples) trained and one paired subject (2 samples) tested per fold,Base seed 103940; deterministic held-subject fold seed
Outer-fold seed rule,Random Forest / SVM-RFE,fold_seed = 103940 + 100*sum(UTF-8 integer value of each held-subject character multiplied by its character position),RF candidate i: fold_seed + 20000 + i; SVM inner fit: fold_seed + 40000 + 100*parameter-combination index + inner-fold index; final SVM fit: fold_seed + 50000
Inner resampling,LASSO / Elastic Net / SVM-RFE,Grouped 5-fold CV within each outer-training set; paired samples from a subject remain in the same fold; 2 subjects per inner fold,Deterministic assignment from sorted outer-training subject IDs
Training-only tuning,Random Forest,mtry was selected by OOB balanced accuracy using only the outer-training data; RF did not use the grouped 5-fold inner partition,Fold-specific seeds described below
Training-fold preprocessing,All,"Zero-variance filtering, model-specific centering/scaling, feature selection, and hyperparameter tuning performed on outer-training data only",Fold-specific
Tuning,LASSO,Binomial glmnet; alpha=1; nlambda=40; lambda.min.ratio=0.01; grouped inner-CV binomial deviance; lambda.1se,Deterministic outer-fold seed
Tuning,Elastic Net,"Binomial glmnet; alpha in {0.1, 0.3, 0.5, 0.7, 0.9}; nlambda=40; lambda.min.ratio=0.01; alpha selected by minimum inner-CV deviance evaluated at lambda.1se",Deterministic outer-fold seed
Tuning,Random Forest,"500 trees; mtry in {1, 6, 13, 19} for p=39; selected by outer-training OOB balanced accuracy; inverse-frequency class weights and balanced sampling",fold_seed + 20000 + candidate index
Tuning,SVM-RFE,"Linear kernel; cost in {0.01, 0.1, 1, 10}; subset size in {2, 5, 10, 20, 39}; recursive removal of bottom 20% by absolute linear weight; maximize inner balanced accuracy, then prefer fewer features and lower cost",fold_seed + 40000 with derived inner/final-fit seeds
Stability resampling,LASSO / Elastic Net / SVM-RFE,200 subject-level subsamples; 9 of 11 subjects sampled without replacement and paired samples kept together; selection frequency = selections/200,720260917 + resample index; SVM seed 720260917 + 10000*resample index
RF stability,Random Forest,"200 frozen subject-level resamples; raw OOB permutation importance = randomForest::importance(type=1, scale=FALSE), i.e. unscaled mean decrease in accuracy; stable in a resample when importance >0 and above the gene-specific 95th percentile from 20 structure-preserving label permutations",Base seed 4103940; resample seed = base + 100000*resample index with derived actual/null seeds
Stable-feature rule,All,Frequency >=0.60. Tier 1: supported by 4 methods; Tier 2: supported by 3 methods,Prespecified; not retuned
Permutation test,All,499 unique nonidentity within-subject plain/high label-swap assignments; models refit under the same nested LOSO; empirical P=(1 + count(null >= observed))/500,Same deterministic fold seeds as observed analysis
AUC uncertainty,All,"5,000 subject-level bootstrap resamples of frozen OOF predictions, keeping each subject's pair together; percentile 95% CI; models not retrained",4103940
