outer_fold,test_subjects,training_subjects,train_test_subject_overlap,test_samples,training_samples,test_pair_intact,inner_subject_split,preprocessing_scope,feature_selection_scope,tuning_scope
subject_01,subject_01,subject_02;subject_03;subject_04;subject_05;subject_06;subject_07;subject_08;subject_09;subject_10;subject_11,0,2,20,TRUE,FALSE,outer-training subjects only,outer-training subjects only,grouped inner CV within outer-training subjects
subject_02,subject_02,subject_01;subject_03;subject_04;subject_05;subject_06;subject_07;subject_08;subject_09;subject_10;subject_11,0,2,20,TRUE,FALSE,outer-training subjects only,outer-training subjects only,grouped inner CV within outer-training subjects
subject_03,subject_03,subject_01;subject_02;subject_04;subject_05;subject_06;subject_07;subject_08;subject_09;subject_10;subject_11,0,2,20,TRUE,FALSE,outer-training subjects only,outer-training subjects only,grouped inner CV within outer-training subjects
subject_04,subject_04,subject_01;subject_02;subject_03;subject_05;subject_06;subject_07;subject_08;subject_09;subject_10;subject_11,0,2,20,TRUE,FALSE,outer-training subjects only,outer-training subjects only,grouped inner CV within outer-training subjects
subject_05,subject_05,subject_01;subject_02;subject_03;subject_04;subject_06;subject_07;subject_08;subject_09;subject_10;subject_11,0,2,20,TRUE,FALSE,outer-training subjects only,outer-training subjects only,grouped inner CV within outer-training subjects
subject_06,subject_06,subject_01;subject_02;subject_03;subject_04;subject_05;subject_07;subject_08;subject_09;subject_10;subject_11,0,2,20,TRUE,FALSE,outer-training subjects only,outer-training subjects only,grouped inner CV within outer-training subjects
subject_07,subject_07,subject_01;subject_02;subject_03;subject_04;subject_05;subject_06;subject_08;subject_09;subject_10;subject_11,0,2,20,TRUE,FALSE,outer-training subjects only,outer-training subjects only,grouped inner CV within outer-training subjects
subject_08,subject_08,subject_01;subject_02;subject_03;subject_04;subject_05;subject_06;subject_07;subject_09;subject_10;subject_11,0,2,20,TRUE,FALSE,outer-training subjects only,outer-training subjects only,grouped inner CV within outer-training subjects
subject_09,subject_09,subject_01;subject_02;subject_03;subject_04;subject_05;subject_06;subject_07;subject_08;subject_10;subject_11,0,2,20,TRUE,FALSE,outer-training subjects only,outer-training subjects only,grouped inner CV within outer-training subjects
subject_10,subject_10,subject_01;subject_02;subject_03;subject_04;subject_05;subject_06;subject_07;subject_08;subject_09;subject_11,0,2,20,TRUE,FALSE,outer-training subjects only,outer-training subjects only,grouped inner CV within outer-training subjects
subject_11,subject_11,subject_01;subject_02;subject_03;subject_04;subject_05;subject_06;subject_07;subject_08;subject_09;subject_10,0,2,20,TRUE,FALSE,outer-training subjects only,outer-training subjects only,grouped inner CV within outer-training subjects
