"cell_type","gene","panel_role"
"T_cells","CD3D","canonical lineage-expression proxy; not a unique proportion marker"
"T_cells","CD3E","canonical lineage-expression proxy; not a unique proportion marker"
"T_cells","CD3G","canonical lineage-expression proxy; not a unique proportion marker"
"T_cells","TRAC","canonical lineage-expression proxy; not a unique proportion marker"
"T_cells","LCK","canonical lineage-expression proxy; not a unique proportion marker"
"T_cells","IL7R","canonical lineage-expression proxy; not a unique proportion marker"
"B_cells","CD19","canonical lineage-expression proxy; not a unique proportion marker"
"B_cells","MS4A1","canonical lineage-expression proxy; not a unique proportion marker"
"B_cells","CD79A","canonical lineage-expression proxy; not a unique proportion marker"
"B_cells","CD79B","canonical lineage-expression proxy; not a unique proportion marker"
"B_cells","CD37","canonical lineage-expression proxy; not a unique proportion marker"
"B_cells","CD74","canonical lineage-expression proxy; not a unique proportion marker"
"NK_cells","NKG7","canonical lineage-expression proxy; not a unique proportion marker"
"NK_cells","GNLY","canonical lineage-expression proxy; not a unique proportion marker"
"NK_cells","KLRD1","canonical lineage-expression proxy; not a unique proportion marker"
"NK_cells","PRF1","canonical lineage-expression proxy; not a unique proportion marker"
"NK_cells","GZMB","canonical lineage-expression proxy; not a unique proportion marker"
"NK_cells","NCAM1","canonical lineage-expression proxy; not a unique proportion marker"
"Neutrophils","FCGR3B","canonical lineage-expression proxy; not a unique proportion marker"
"Neutrophils","CSF3R","canonical lineage-expression proxy; not a unique proportion marker"
"Neutrophils","CEACAM8","canonical lineage-expression proxy; not a unique proportion marker"
"Neutrophils","S100A8","canonical lineage-expression proxy; not a unique proportion marker"
"Neutrophils","S100A9","canonical lineage-expression proxy; not a unique proportion marker"
"Neutrophils","FPR1","canonical lineage-expression proxy; not a unique proportion marker"
"Monocytes","LST1","canonical lineage-expression proxy; not a unique proportion marker"
"Monocytes","LILRB1","canonical lineage-expression proxy; not a unique proportion marker"
"Monocytes","CTSS","canonical lineage-expression proxy; not a unique proportion marker"
"Monocytes","FCN1","canonical lineage-expression proxy; not a unique proportion marker"
"Monocytes","TYMP","canonical lineage-expression proxy; not a unique proportion marker"
"Monocytes","CTSD","canonical lineage-expression proxy; not a unique proportion marker"
"Erythroid_reticulocyte","HBB","canonical lineage-expression proxy; not a unique proportion marker"
"Erythroid_reticulocyte","HBA1","canonical lineage-expression proxy; not a unique proportion marker"
"Erythroid_reticulocyte","HBA2","canonical lineage-expression proxy; not a unique proportion marker"
"Erythroid_reticulocyte","ALAS2","canonical lineage-expression proxy; not a unique proportion marker"
"Erythroid_reticulocyte","AHSP","canonical lineage-expression proxy; not a unique proportion marker"
"Erythroid_reticulocyte","GYPA","canonical lineage-expression proxy; not a unique proportion marker"
"Erythroid_reticulocyte","SLC4A1","canonical lineage-expression proxy; not a unique proportion marker"
"Erythroid_reticulocyte","CA1","canonical lineage-expression proxy; not a unique proportion marker"
"Erythroid_reticulocyte","EPB42","canonical lineage-expression proxy; not a unique proportion marker"
"Erythroid_reticulocyte","BPGM","canonical lineage-expression proxy; not a unique proportion marker"
