"dataset","comparison","cell_type","marker_count","effect","CI_lower","CI_upper","P_value","BH_FDR","direction","significance","composition_interpretation"
"GSE103940","paired high altitude - plain marker-score change","T_cells",5,-0.935621393845147,-1.30030002587957,-0.570942761810726,0.000193857524245845,0.000581572572737535,"lower_in_high_altitude","BH-FDR < 0.05","coherent lineage-marker shift; consistent with, but does not prove, a composition change"
"GSE103940","paired high altitude - plain marker-score change","B_cells",6,-0.253417761029459,-0.76523546558271,0.258399943523791,0.295770197123122,0.443655295684683,"lower_in_high_altitude","not significant","no statistically supported shift in the aggregate marker proxy"
"GSE103940","paired high altitude - plain marker-score change","NK_cells",6,0.0799900799097954,-0.452728770927845,0.612708930747436,0.744864660420038,0.744864660420038,"higher_in_high_altitude","not significant","no statistically supported shift in the aggregate marker proxy"
"GSE103940","paired high altitude - plain marker-score change","Neutrophils",6,0.233165222445886,-0.451725134651218,0.918055579542991,0.465623337085375,0.558748004502449,"higher_in_high_altitude","not significant","no statistically supported shift in the aggregate marker proxy"
"GSE103940","paired high altitude - plain marker-score change","Monocytes",6,0.523795340775927,0.0350526397861037,1.01253804176575,0.0380923283822327,0.0761846567644655,"higher_in_high_altitude","not significant","no statistically supported shift in the aggregate marker proxy"
"GSE103940","paired high altitude - plain marker-score change","Erythroid_reticulocyte",10,1.42022329756098,0.99848022435734,1.84196637076462,2.05505166531894e-05,0.000123303099919136,"higher_in_high_altitude","BH-FDR < 0.05","coherent lineage-marker shift; consistent with, but does not prove, a composition change"
"GSE103940","paired high altitude - plain marker-score change; non-globin-factor TMM sensitivity","T_cells",5,-0.935288402471572,-1.29977147507035,-0.570805329872792,0.000193583312069949,0.000580749936209846,"lower_in_high_altitude","BH-FDR < 0.05","coherent lineage-marker shift; consistent with, but does not prove, a composition change"
"GSE103940","paired high altitude - plain marker-score change; non-globin-factor TMM sensitivity","B_cells",6,-0.2528872021142,-0.764212724388287,0.258438320159887,0.296287767815272,0.444431651722908,"lower_in_high_altitude","not significant","no statistically supported shift in the aggregate marker proxy"
"GSE103940","paired high altitude - plain marker-score change; non-globin-factor TMM sensitivity","NK_cells",6,0.0803943129283187,-0.452289119103236,0.613077744959873,0.743611062685777,0.743611062685777,"higher_in_high_altitude","not significant","no statistically supported shift in the aggregate marker proxy"
"GSE103940","paired high altitude - plain marker-score change; non-globin-factor TMM sensitivity","Neutrophils",6,0.23351644275012,-0.451537688272986,0.918570573773226,0.465073762549898,0.558088515059878,"higher_in_high_altitude","not significant","no statistically supported shift in the aggregate marker proxy"
"GSE103940","paired high altitude - plain marker-score change; non-globin-factor TMM sensitivity","Monocytes",6,0.524467846892898,0.0362953542138631,1.01264033957193,0.0377130279294921,0.0754260558589842,"higher_in_high_altitude","not significant","no statistically supported shift in the aggregate marker proxy"
"GSE103940","paired high altitude - plain marker-score change; non-globin-factor TMM sensitivity","Erythroid_reticulocyte",10,1.42022379852279,0.998372033416725,1.84207556362885,2.05961226761979e-05,0.000123576736057188,"higher_in_high_altitude","BH-FDR < 0.05","coherent lineage-marker shift; consistent with, but does not prove, a composition change"
"GSE75665","average paired high altitude - plain marker-score change","T_cells",5,-0.279008968430557,-1.03752249367505,0.479504556813933,0.42687693505422,0.512252322065064,"lower_in_high_altitude","not significant","no statistically supported shift in the aggregate marker proxy"
"GSE75665","average paired high altitude - plain marker-score change","B_cells",6,0.397620461629173,-0.134815498821342,0.930056422079688,0.125413725544839,0.437432394720271,"higher_in_high_altitude","not significant","no statistically supported shift in the aggregate marker proxy"
"GSE75665","average paired high altitude - plain marker-score change","NK_cells",6,-0.433073694113271,-1.17402020423184,0.307872816005299,0.218716197360136,0.437432394720271,"lower_in_high_altitude","not significant","no statistically supported shift in the aggregate marker proxy"
"GSE75665","average paired high altitude - plain marker-score change","Neutrophils",6,0.35383565248415,-0.234387561331953,0.942058866300254,0.206686731589461,0.437432394720271,"higher_in_high_altitude","not significant","no statistically supported shift in the aggregate marker proxy"
"GSE75665","average paired high altitude - plain marker-score change","Monocytes",6,0.160632789212148,-0.374374705801877,0.695640284226173,0.514097769163508,0.514097769163508,"higher_in_high_altitude","not significant","no statistically supported shift in the aggregate marker proxy"
"GSE75665","average paired high altitude - plain marker-score change","Erythroid_reticulocyte",10,0.295603653568061,-0.448973267248558,1.04018057438468,0.392526268602512,0.512252322065064,"higher_in_high_altitude","not significant","no statistically supported shift in the aggregate marker proxy"
"GSE75665","AMS versus non-AMS difference in paired marker-score change","T_cells",5,0.132989310021697,-1.65890736117816,1.92488598122156,0.858302005219704,0.858302005219704,"larger_altitude_change_in_AMS","not significant","no statistically supported AMS-specific shift in the aggregate marker proxy"
"GSE75665","AMS versus non-AMS difference in paired marker-score change","B_cells",6,0.207560128485974,-1.02502516207537,1.44014541904732,0.690064381679724,0.839371853768921,"larger_altitude_change_in_AMS","not significant","no statistically supported AMS-specific shift in the aggregate marker proxy"
"GSE75665","AMS versus non-AMS difference in paired marker-score change","NK_cells",6,0.364921417757632,-1.2486590129138,1.97850184842907,0.609503311836276,0.839371853768921,"larger_altitude_change_in_AMS","not significant","no statistically supported AMS-specific shift in the aggregate marker proxy"
"GSE75665","AMS versus non-AMS difference in paired marker-score change","Neutrophils",6,-0.221973590338775,-1.58296772689783,1.13902054622028,0.699476544807434,0.839371853768921,"smaller_altitude_change_in_AMS","not significant","no statistically supported AMS-specific shift in the aggregate marker proxy"
"GSE75665","AMS versus non-AMS difference in paired marker-score change","Monocytes",6,-0.292398342702195,-1.52430219835104,0.939505512946649,0.575363248053303,0.839371853768921,"smaller_altitude_change_in_AMS","not significant","no statistically supported AMS-specific shift in the aggregate marker proxy"
"GSE75665","AMS versus non-AMS difference in paired marker-score change","Erythroid_reticulocyte",10,0.500643161452062,-1.16007892113558,2.1613652440397,0.487072831926707,0.839371853768921,"larger_altitude_change_in_AMS","not significant","no statistically supported AMS-specific shift in the aggregate marker proxy"
"GSE260910","descriptive HAPE-plus-batch versus control-plus-batch marker-score difference","T_cells",5,-1.47707296669393,NA,NA,NA,NA,"lower_in_HAPE_plus_batch","not estimable: disease and batch are completely confounded","no HAPE-specific composition inference permitted"
"GSE260910","descriptive HAPE-plus-batch versus control-plus-batch marker-score difference","B_cells",6,-0.397571420743878,NA,NA,NA,NA,"lower_in_HAPE_plus_batch","not estimable: disease and batch are completely confounded","no HAPE-specific composition inference permitted"
"GSE260910","descriptive HAPE-plus-batch versus control-plus-batch marker-score difference","NK_cells",6,-1.35023947427668,NA,NA,NA,NA,"lower_in_HAPE_plus_batch","not estimable: disease and batch are completely confounded","no HAPE-specific composition inference permitted"
"GSE260910","descriptive HAPE-plus-batch versus control-plus-batch marker-score difference","Neutrophils",6,1.31552025354752,NA,NA,NA,NA,"higher_in_HAPE_plus_batch","not estimable: disease and batch are completely confounded","no HAPE-specific composition inference permitted"
"GSE260910","descriptive HAPE-plus-batch versus control-plus-batch marker-score difference","Monocytes",6,0.603698123979302,NA,NA,NA,NA,"higher_in_HAPE_plus_batch","not estimable: disease and batch are completely confounded","no HAPE-specific composition inference permitted"
"GSE260910","descriptive HAPE-plus-batch versus control-plus-batch marker-score difference","Erythroid_reticulocyte",10,1.48059942164192,NA,NA,NA,NA,"higher_in_HAPE_plus_batch","not estimable: disease and batch are completely confounded","no HAPE-specific composition inference permitted"
