"gene","module"
"AAMP","turquoise"
"ABCA2","turquoise"
"ABR","turquoise"
"ACAA1","turquoise"
"ACADVL","turquoise"
"ACLY","turquoise"
"ACO2","turquoise"
"ACTB","turquoise"
"ACTG1","turquoise"
"ACTN4","turquoise"
"ADA","turquoise"
"ADAM8","turquoise"
"ADAR","turquoise"
"ADCY7","turquoise"
"ADD1","turquoise"
"ADD3","turquoise"
"ADM","turquoise"
"ADORA2A","turquoise"
"PARP1","turquoise"
"PARP4","turquoise"
"ADRB2","turquoise"
"GRK2","turquoise"
"AP1B1","turquoise"
"AP2B1","brown"
"AP1G1","turquoise"
"TLE5","turquoise"
"AGER","turquoise"
"AHCY","turquoise"
"AIF1","turquoise"
"AK2","turquoise"
"AKT1","turquoise"
"ALAS2","blue"
"ABCD1","turquoise"
"ALDH1A1","turquoise"
"ALDH3B1","turquoise"
"ALDH9A1","turquoise"
"ALDOA","turquoise"
"ALDOC","turquoise"
"AKR1B1","turquoise"
"ALOX5","turquoise"
"ALOX5AP","turquoise"
"ALOX15","turquoise"
"ALPL","turquoise"
"AMFR","turquoise"
"BIN1","turquoise"
"ANK1","blue"
"SLC25A5","turquoise"
"SLC25A6","turquoise"
"ANXA1","turquoise"
"ANXA2","turquoise"
"ANXA5","turquoise"
"ANXA6","turquoise"
"ANXA7","turquoise"
"ANXA11","turquoise"
"AOAH","turquoise"
"APBA2","turquoise"
"APBB1","turquoise"
"APEX1","turquoise"
"BIRC2","turquoise"
"BIRC3","turquoise"
"XIAP","turquoise"
"APLP2","turquoise"
"APRT","turquoise"
"AQP1","blue"
"AQP3","turquoise"
"AQP9","turquoise"
"ARCN1","turquoise"
"ARF3","turquoise"
"ARF4","turquoise"
"ARF5","turquoise"
"ARF6","turquoise"
"RHOA","turquoise"
"RHOB","turquoise"
"RHOC","turquoise"
"RHOG","turquoise"
"ARHGAP1","turquoise"
"ARHGAP4","turquoise"
"ARHGDIA","turquoise"
"ARHGDIB","turquoise"
"RHOH","turquoise"
"ARL2","turquoise"
"ARNT","turquoise"
"ARRB1","turquoise"
"ARRB2","turquoise"
"ARSA","turquoise"
"ASAH1","turquoise"
"ASCL2","turquoise"
"ASGR2","turquoise"
"ATIC","turquoise"
"ATM","turquoise"
"RERE","turquoise"
"ATP1A1","turquoise"
"ATP1B3","turquoise"
"ATP2A3","turquoise"
"ATP2B4","turquoise"
"ATP5F1A","turquoise"
"ATP5F1C","turquoise"
"ATP5F1D","turquoise"
"ATP5F1E","turquoise"
"ATP5MC1","turquoise"
"ATP5MC2","turquoise"
"ATP5MC3","turquoise"
"ATP5ME","turquoise"
"ATP5PF","turquoise"
"ATP6V1A","turquoise"
"ATP6V1B2","turquoise"
"ATP6V0B","turquoise"
"ATP6AP1","turquoise"
"ATP5PO","turquoise"
"AUP1","turquoise"
"AZU1","grey"
"B2M","turquoise"
"BACH1","turquoise"
"BAD","turquoise"
"BAG1","blue"
"BAK1","turquoise"
"BCKDHA","turquoise"
"BCL2A1","turquoise"
"BCL2L1","blue"
"BCL3","turquoise"
"BCL6","turquoise"
"TNFRSF17","turquoise"
"BCR","turquoise"
"CEACAM1","turquoise"
"BID","turquoise"
"PRDM1","turquoise"
"CXCR5","turquoise"
"BLVRA","turquoise"
"BLVRB","blue"
"BNIP2","turquoise"
"BPGM","blue"
"BPI","grey"
"ZFP36L1","turquoise"
"ZFP36L2","turquoise"
"BSG","blue"
"BST1","turquoise"
"BST2","turquoise"
"BTG1","turquoise"
"TSPO","turquoise"
"C1QBP","turquoise"
"SERPING1","turquoise"
"C3AR1","turquoise"
"VPS51","turquoise"
"MRPL49","turquoise"
"FMNL1","turquoise"
"PTTG1IP","turquoise"
"CFAP410","turquoise"
"TMEM50B","turquoise"
"CA1","blue"
"CALM1","turquoise"
"CALM3","turquoise"
"CALR","turquoise"
"CAMK2G","turquoise"
"CAMLG","turquoise"
"CAMP","grey"
"CANX","turquoise"
"CAPG","turquoise"
"CAPN1","turquoise"
"CAPN2","turquoise"
"CAPS","turquoise"
"CAPZA1","turquoise"
"CAST","turquoise"
"CAPZB","turquoise"
"CARS1","turquoise"
"CASP1","turquoise"
"CASP2","turquoise"
"CASP4","turquoise"
"CASP8","turquoise"
"CAT","turquoise"
"RUNX3","turquoise"
"CBFB","turquoise"
"CBL","turquoise"
"CBR1","turquoise"
"CCND2","turquoise"
"CCND3","turquoise"
"CCNG1","turquoise"
"CCNG2","turquoise"
"CCT6A","turquoise"
"CD2","turquoise"
"CD3D","turquoise"
"CD3E","turquoise"
"CD3G","turquoise"
"CD247","turquoise"
"CD4","turquoise"
"CD5","turquoise"
"CD6","turquoise"
"CD7","turquoise"
"CD8A","turquoise"
"CD8B","turquoise"
"CD14","turquoise"
"MS4A1","turquoise"
"CD22","turquoise"
"CD27","turquoise"
"CD36","turquoise"
"CD37","turquoise"
"CD38","turquoise"
"CD40LG","turquoise"
"CD44","turquoise"
"CD47","turquoise"
"CD48","turquoise"
"CD53","turquoise"
"CD63","turquoise"
"CD68","turquoise"
"CD72","turquoise"
"CD74","turquoise"
"CD79A","turquoise"
"CD79B","turquoise"
"CD81","turquoise"
"ADGRE5","turquoise"
"CDA","turquoise"
"CDK11B","turquoise"
"SEPTIN7","turquoise"
"CDC25B","turquoise"
"CDC42","turquoise"
"CDK4","turquoise"
"CDK9","turquoise"
"CDKN1B","turquoise"
"CDKN1C","turquoise"
"CD52","turquoise"
"CEBPA","turquoise"
"CEBPB","turquoise"
"CEBPD","turquoise"
"CENPB","turquoise"
"CES1","turquoise"
"CFL1","turquoise"
"CTSC","turquoise"
"CEACAM3","turquoise"
"CEACAM4","turquoise"
"CHD3","turquoise"
"CHD4","turquoise"
"CHI3L1","turquoise"
"CHKB","turquoise"
"CHRNB2","turquoise"
"CIRBP","turquoise"
"CISH","turquoise"
"TBCB","turquoise"
"AP1S1","turquoise"
"CLC","turquoise"
"CLCN7","turquoise"
"CLU","turquoise"
"CLIC1","turquoise"
"CLK1","turquoise"
"CLK2","turquoise"
"TPP1","turquoise"
"CLNS1A","turquoise"
"CLPTM1","turquoise"
"CLTA","turquoise"
"CLTB","turquoise"
"CLTC","turquoise"
"CCR1","turquoise"
"CCR3","turquoise"
"CCR4","turquoise"
"CCR7","turquoise"
"LTB4R","turquoise"
"PLK3","turquoise"
"CNN2","turquoise"
"CNP","turquoise"
"COL6A2","turquoise"
"COL9A3","turquoise"
"COPB1","turquoise"
"KLF6","turquoise"
"COX4I1","turquoise"
"COX5B","turquoise"
"COX6A1","turquoise"
"COX7A2","turquoise"
"COX7B","turquoise"
"COX7C","turquoise"
"COX8A","turquoise"
"CPD","turquoise"
"ATF6B","turquoise"
"CRIP1","turquoise"
"CRK","turquoise"
"CRY2","turquoise"
"CRYGS","turquoise"
"CS","turquoise"
"MAPK14","turquoise"
"CSE1L","turquoise"
"CSF1R","turquoise"
"CSF2RA","turquoise"
"CSF2RB","turquoise"
"CSF3R","turquoise"
"CSK","turquoise"
"CSNK1A1","turquoise"
"CSNK1D","turquoise"
"CSNK1G2","turquoise"
"CSNK2B","turquoise"
"VCAN","turquoise"
"CSRP1","turquoise"
"CST3","turquoise"
"CSTA","turquoise"
"CSTB","turquoise"
"CTBP1","turquoise"
"CTNNB1","turquoise"
"CTSD","turquoise"
"CTSH","turquoise"
"CTSO","turquoise"
"CTSS","turquoise"
"CTSW","turquoise"
"CTSZ","turquoise"
"CX3CR1","turquoise"
"CYBA","turquoise"
"CYBB","turquoise"
"CYC1","turquoise"
"CYP27A1","turquoise"
"DAD1","turquoise"
"CD55","turquoise"
"DGKA","turquoise"
"DGKQ","turquoise"
"DAP","brown"
"DARS1","turquoise"
"DAXX","turquoise"
"DBP","turquoise"
"ECI1","turquoise"
"DCK","turquoise"
"DCTD","turquoise"
"DDB1","brown"
"DDB2","turquoise"
"DDIT3","turquoise"
"DDOST","turquoise"
"DDT","turquoise"
"DDX3X","turquoise"
"DDX5","turquoise"
"DDX6","turquoise"
"DHX8","turquoise"
"DHX9","turquoise"
"DHX15","turquoise"
"DEFA1","grey"
"DEFA3","grey"
"CFD","turquoise"
"DFFA","turquoise"
"DGUOK","turquoise"
"DHPS","turquoise"
"CYB5R3","turquoise"
"DIAPH1","turquoise"
"SEPTIN1","turquoise"
"DLST","turquoise"
"DYNC1LI2","turquoise"
"DNM2","turquoise"
"DNMT1","turquoise"
"DOK1","turquoise"
"DPAGT1","turquoise"
"DPYSL2","turquoise"
"ARID3A","turquoise"
"ATN1","turquoise"
"TSC22D3","turquoise"
"DUSP1","grey"
"DUSP2","turquoise"
"DUSP5","turquoise"
"DUSP6","turquoise"
"DUSP7","turquoise"
"DVL2","turquoise"
"DVL3","turquoise"
"TOR1A","turquoise"
"E2F4","turquoise"
"E4F1","turquoise"
"GPR183","turquoise"
"ECE1","turquoise"
"TYMP","turquoise"
"ECHS1","turquoise"
"S1PR1","turquoise"
"EEF1A1","turquoise"
"EEF1B2","turquoise"
"EEF1D","turquoise"
"EEF1G","turquoise"
"EFNA4","turquoise"
"EGR1","grey"
"EIF2B1","turquoise"
"EIF2S3","turquoise"
"EIF4A1","turquoise"
"EIF4A2","turquoise"
"EIF4B","turquoise"
"EIF4EBP1","turquoise"
"EIF4G1","turquoise"
"EIF4G2","turquoise"
"EIF5","turquoise"
"EIF5A","turquoise"
"ELANE","grey"
"SERPINB1","turquoise"
"ELF1","turquoise"
"ELF4","turquoise"
"EMD","turquoise"
"MARK2","turquoise"
"EMP3","turquoise"
"ADGRE1","turquoise"
"ENDOG","turquoise"
"ENO1","turquoise"
"SLC29A1","turquoise"
"EP300","turquoise"
"EPB41","brown"
"EPB42","blue"
"DMTN","blue"
"STOM","turquoise"
"EPHA1","turquoise"
"EPRS1","turquoise"
"EPS15","turquoise"
"ERCC1","turquoise"
"ERCC3","turquoise"
"ERF","turquoise"
"ERH","turquoise"
"FBL","turquoise"
"ESD","turquoise"
"ESRRA","turquoise"
"ETFB","turquoise"
"ETS1","turquoise"
"EVI2A","turquoise"
"EVI2B","turquoise"
"EWSR1","turquoise"
"EZH1","turquoise"
"F2RL1","turquoise"
"F13A1","turquoise"
"FANCA","turquoise"
"ACSL1","turquoise"
"ACSL4","turquoise"
"PTK2B","turquoise"
"FARSA","turquoise"
"FASN","turquoise"
"FAU","turquoise"
"FBP1","turquoise"
"FCAR","turquoise"
"FCER1G","turquoise"
"FCER2","turquoise"
"FCGR2A","turquoise"
"FCGR3A","turquoise"
"FCGR3B","turquoise"
"FCGRT","turquoise"
"FCN1","turquoise"
"FDPS","turquoise"
"FECH","blue"
"FES","turquoise"
"FGR","turquoise"
"FHL3","turquoise"
"FKBP1A","turquoise"
"FKBP2","turquoise"
"FKBP5","turquoise"
"FLI1","turquoise"
"FLII","turquoise"
"FLNA","turquoise"
"FLOT2","turquoise"
"FLT3LG","turquoise"
"FNTA","turquoise"
"FOLR3","turquoise"
"FOS","grey"
"FOSB","grey"
"FOSL2","turquoise"
"FPGS","turquoise"
"FPR1","turquoise"
"FPR2","turquoise"
"FTH1","turquoise"
"FUS","turquoise"
"FYB1","turquoise"
"FYN","turquoise"
"IFI6","turquoise"
"G6PD","turquoise"
"XRCC6","turquoise"
"GAA","turquoise"
"GABBR1","turquoise"
"GAK","turquoise"
"GALC","turquoise"
"GALK1","turquoise"
"GALT","turquoise"
"GAPDH","turquoise"
"GARS1","turquoise"
"GATA3","turquoise"
"GBA1","turquoise"
"GBA1LP","turquoise"
"NIPSNAP2","turquoise"
"GBP1","turquoise"
"GBP2","turquoise"
"GCHFR","turquoise"
"KAT2A","turquoise"
"GDI1","turquoise"
"GDI2","turquoise"
"GFER","turquoise"
"B4GALT1","turquoise"
"GGT7","turquoise"
"GLB1","turquoise"
"GLE1","turquoise"
"GLG1","turquoise"
"GLI4","turquoise"
"GLO1","turquoise"
"GLRX","turquoise"
"GLUD1","turquoise"
"GM2A","turquoise"
"GMPR","blue"
"GNA15","turquoise"
"GNAI2","turquoise"
"GNAS","brown"
"GNG5","turquoise"
"GNG7","turquoise"
"GNG10","turquoise"
"GNS","turquoise"
"GOLGA2","turquoise"
"GP1BB","turquoise"
"GP9","turquoise"
"CXCR3","turquoise"
"GPR18","turquoise"
"FFAR2","turquoise"
"GRK6","turquoise"
"MKNK2","turquoise"
"GPX1","blue"
"GPX4","turquoise"
"GPX7","turquoise"
"GRB2","turquoise"
"RAPGEF1","turquoise"
"GRN","turquoise"
"CXCL1","turquoise"
"PDIA3","turquoise"
"GSN","turquoise"
"GSPT1","blue"
"GSTM1","turquoise"
"GSTM2","turquoise"
"GSTM4","turquoise"
"GSTP1","turquoise"
"GTF2F1","turquoise"
"GTF2I","turquoise"
"GTF3A","turquoise"
"GTF3C1","turquoise"
"GTF3C2","turquoise"
"GUK1","blue"
"GUSB","turquoise"
"GYG1","turquoise"
"GYPB","blue"
"GYS1","turquoise"
"GZMH","turquoise"
"GZMA","turquoise"
"GZMB","turquoise"
"GZMK","turquoise"
"GZMM","turquoise"
"H1-2","turquoise"
"H2AX","turquoise"
"H2AZ1","turquoise"
"HSD17B10","turquoise"
"HAGH","blue"
"HARS1","turquoise"
"HBM","blue"
"HBB","blue"
"HBD","blue"
"HBE1","grey"
"HBG1","grey"
"HBG2","grey"
"HBZ","grey"
"HCFC1","turquoise"
"HCK","turquoise"
"HCLS1","turquoise"
"HDAC1","turquoise"
"HDLBP","turquoise"
"NCKAP1L","turquoise"
"HEXB","turquoise"
"HHEX","turquoise"
"HIF1A","turquoise"
"HINT1","turquoise"
"HK1","blue"
"HK3","turquoise"
"ZBTB48","turquoise"
"HLA-A","turquoise"
"HLA-B","turquoise"
"HLA-C","turquoise"
"HLA-DMA","turquoise"
"HLA-DMB","turquoise"
"HLA-DOA","turquoise"
"HLA-DOB","turquoise"
"HLA-DPA1","turquoise"
"HLA-DPB1","turquoise"
"HLA-DQA1","turquoise"
"HLA-DQA2","turquoise"
"HLA-DQB1","turquoise"
"HLA-DQB2","turquoise"
"HLA-DRA","turquoise"
"HLA-DRB1","turquoise"
"HLA-DRB5","turquoise"
"HLA-DRB6","turquoise"
"HLA-E","turquoise"
"HLA-F","turquoise"
"HLA-G","turquoise"
"HLA-H","turquoise"
"HLA-L","turquoise"
"MR1","turquoise"
"HLX","turquoise"
"HMBS","blue"
"HMGB1","turquoise"
"HMGB2","turquoise"
"HMGN1","turquoise"
"HMGN2","turquoise"
"HMGCL","turquoise"
"HMGA1","turquoise"
"HMOX1","turquoise"
"HMOX2","turquoise"
"HNRNPA1","turquoise"
"HNRNPA2B1","turquoise"
"HNRNPAB","turquoise"
"HNRNPC","turquoise"
"HNRNPD","turquoise"
"HNRNPF","turquoise"
"HNRNPH1","turquoise"
"HNRNPH3","turquoise"
"HNRNPL","turquoise"
"HNRNPU","turquoise"
"HOXB2","turquoise"
"HPS1","blue"
"HRH2","turquoise"
"PRMT1","turquoise"
"HSD17B4","turquoise"
"HSF1","turquoise"
"DNAJA1","turquoise"
"HSPA1A","turquoise"
"HSPA1B","turquoise"
"HSPA5","turquoise"
"HSPA8","turquoise"
"HSPA9","turquoise"
"HSP90AA1","turquoise"
"HSP90AB1","turquoise"
"NDST1","turquoise"
"FOXN2","turquoise"
"ICAM1","turquoise"
"ICAM2","turquoise"
"ICAM3","turquoise"
"IRF8","turquoise"
"ID2","turquoise"
"ID3","turquoise"
"IDH1","turquoise"
"IDH2","turquoise"
"IDH3B","turquoise"
"IDH3G","turquoise"
"IDUA","turquoise"
"IFI16","turquoise"
"IFI27","blue"
"IFI35","turquoise"
"SP110","turquoise"
"IFIT2","turquoise"
"IFIT1","turquoise"
"IFIT3","turquoise"
"IFNAR1","turquoise"
"IFNAR2","turquoise"
"IFNGR1","turquoise"
"IFNGR2","turquoise"
"IGBP1","turquoise"
"IGFBP7","turquoise"
"JCHAIN","turquoise"
"RBPJ","turquoise"
"IK","turquoise"
"IL1B","turquoise"
"IL1RN","turquoise"
"IL2RB","turquoise"
"IL2RG","turquoise"
"IL3RA","turquoise"
"IL4R","turquoise"
"IL6R","turquoise"
"IL6ST","turquoise"
"IL7R","turquoise"
"CXCL8","grey"
"CXCR1","turquoise"
"CXCR2","turquoise"
"IL10RA","turquoise"
"IL10RB","turquoise"
"IL11RA","turquoise"
"IL12RB1","turquoise"
"IL13RA1","turquoise"
"ILF2","turquoise"
"ILF3","turquoise"
"ILK","turquoise"
"IMPA2","turquoise"
"IMPDH1","turquoise"
"IMPDH2","turquoise"
"INPP5D","turquoise"
"INPPL1","turquoise"
"INSIG1","turquoise"
"EIF3E","turquoise"
"IRAK1","turquoise"
"IRF1","turquoise"
"IRF3","turquoise"
"IRF4","turquoise"
"IRF5","turquoise"
"IRF7","turquoise"
"ISG20","turquoise"
"ITGA2B","grey"
"ITGA4","turquoise"
"ITGA5","turquoise"
"ITGAL","turquoise"
"ITGAM","turquoise"
"ITGAX","turquoise"
"ITGB1","turquoise"
"ITGB2","turquoise"
"ITGB3","turquoise"
"EIF6","turquoise"
"ITGB7","turquoise"
"ITK","turquoise"
"STT3A","turquoise"
"ITPKB","turquoise"
"ITPR3","turquoise"
"IVD","turquoise"
"JAK1","turquoise"
"JAK3","turquoise"
"JUNB","turquoise"
"JUND","turquoise"
"CD82","turquoise"
"KARS1","turquoise"
"KCNJ2","turquoise"
"KCNJ15","turquoise"
"KCNN4","turquoise"
"KCNQ1","turquoise"
"KEL","blue"
"KIR2DS4","turquoise"
"KIR3DL1","turquoise"
"KIR3DL2","turquoise"
"KLRB1","turquoise"
"KLRC3","turquoise"
"KLRD1","turquoise"
"KLC1","turquoise"
"KIF22","turquoise"
"KPNB1","turquoise"
"KRT1","blue"
"LAG3","turquoise"
"LAIR1","turquoise"
"LAIR2","turquoise"
"LAMP1","turquoise"
"LAMP2","turquoise"
"RPSA","turquoise"
"LASP1","turquoise"
"LBR","turquoise"
"LCK","turquoise"
"LCN2","grey"
"LCP1","turquoise"
"LCP2","turquoise"
"LDHA","turquoise"
"LDHB","turquoise"
"LFNG","turquoise"
"LGALS2","turquoise"
"LGALS3","blue"
"LGALS3BP","turquoise"
"LGALS9","turquoise"
"ABLIM1","turquoise"
"LIMK1","turquoise"
"LIMK2","turquoise"
"LIMS1","turquoise"
"LIPA","turquoise"
"LMO2","turquoise"
"PRICKLE3","turquoise"
"LNPEP","turquoise"
"IRAG2","turquoise"
"LRCH4","turquoise"
"LSP1","turquoise"
"LTB","turquoise"
"CYP4F3","turquoise"
"LTBP3","turquoise"
"LTBR","turquoise"
"LTF","grey"
"BCAM","blue"
"LY6E","turquoise"
"LY9","turquoise"
"LYN","turquoise"
"SH2D1A","turquoise"
"LYZ","turquoise"
"M6PR","turquoise"
"CAPRIN1","turquoise"
"NBR1","turquoise"
"MARCKS","turquoise"
"MXD1","turquoise"
"SMAD3","turquoise"
"MAN1A1","turquoise"
"MAN2A2","brown"
"MAN2C1","turquoise"
"MAN2B1","turquoise"
"MARK3","brown"
"MARS1","turquoise"
"MAT2A","turquoise"
"MATK","turquoise"
"MAX","turquoise"
"MAZ","turquoise"
"MBNL1","turquoise"
"MBP","turquoise"
"MCL1","turquoise"
"MCM5","turquoise"
"MCM7","turquoise"
"CD46","turquoise"
"MDH1","turquoise"
"MDH2","turquoise"
"MDM4","turquoise"
"MEA1","turquoise"
"MECP2","turquoise"
"MEF2D","turquoise"
"MEFV","turquoise"
"MAP3K1","turquoise"
"MAP3K3","turquoise"
"RAB8A","turquoise"
"MEN1","turquoise"
"MFAP1","turquoise"
"MFNG","turquoise"
"MGAT1","turquoise"
"MGAT2","turquoise"
"CD99","turquoise"
"MICB","turquoise"
"MIF","turquoise"
"MAP3K11","turquoise"
"KMT2A","turquoise"
"MLLT1","turquoise"
"MLLT6","turquoise"
"FOXO4","blue"
"MME","turquoise"
"MMP9","turquoise"
"MNDA","turquoise"
"MOV10","turquoise"
"MPG","turquoise"
"MPI","turquoise"
"MPP1","blue"
"MPST","turquoise"
"MPV17","turquoise"
"MSN","turquoise"
"MT1F","turquoise"
"MT1X","turquoise"
"MT2A","turquoise"
"MT-ATP6","turquoise"
"MT-ATP8","turquoise"
"MT-CO1","turquoise"
"MT-CO2","turquoise"
"MT-CO3","turquoise"
"MT-CYB","turquoise"
"MT-ND1","turquoise"
"MT-ND2","turquoise"
"MT-ND3","turquoise"
"MT-ND4","turquoise"
"MT-ND4L","turquoise"
"MT-ND5","turquoise"
"MT-ND6","turquoise"
"MTX1","turquoise"
"MX1","turquoise"
"MX2","turquoise"
"MXI1","blue"
"MYC","turquoise"
"MYD88","turquoise"
"GADD45B","turquoise"
"MYH9","turquoise"
"MYL6","turquoise"
"MYO9B","turquoise"
"PPP1R12A","turquoise"
"NACA","turquoise"
"NAGA","turquoise"
"NAP1L1","turquoise"
"NAP1L4","turquoise"
"NARS1","turquoise"
"NUBP1","turquoise"
"NCF2","turquoise"
"NCF4","turquoise"
"NCL","turquoise"
"NDUFA1","turquoise"
"NDUFA6","turquoise"
"NDUFA7","turquoise"
"NDUFAB1","turquoise"
"NDUFB1","turquoise"
"NDUFB2","turquoise"
"NDUFB4","turquoise"
"NDUFB7","turquoise"
"NDUFB8","turquoise"
"NDUFB9","turquoise"
"NDUFB10","turquoise"
"NDUFC2","turquoise"
"NDUFS2","turquoise"
"NDUFS3","turquoise"
"NDUFV1","turquoise"
"NDUFS5","turquoise"
"NDUFS6","turquoise"
"NDUFS8","turquoise"
"SEPTIN2","turquoise"
"RPL10A","turquoise"
"NEDD8","turquoise"
"NELL2","turquoise"
"NFATC2","turquoise"
"NFATC3","turquoise"
"NFE2L1","turquoise"
"NFE2L2","turquoise"
"NFIC","turquoise"
"NFIL3","turquoise"
"NFKB1","turquoise"
"NFKB2","turquoise"
"NFKBIA","turquoise"
"NFKBIE","turquoise"
"SNU13","turquoise"
"NINJ1","turquoise"
"NIT1","turquoise"
"NKG7","turquoise"
"NME2","turquoise"
"NME3","turquoise"
"NME4","brown"
"NQO2","turquoise"
"NMT1","turquoise"
"NOP2","turquoise"
"NONO","turquoise"
"CNOT2","turquoise"
"PNP","brown"
"NPM1","turquoise"
"NRGN","turquoise"
"NUMA1","turquoise"
"OAS1","turquoise"
"OAS2","turquoise"
"OAS3","turquoise"
"OGDH","turquoise"
"ORM1","turquoise"
"OSBP","turquoise"
"OXA1L","turquoise"
"P2RX4","turquoise"
"P2RX7","turquoise"
"P2RY11","turquoise"
"P4HB","turquoise"
"PEBP1","turquoise"
"PAFAH1B2","turquoise"
"PAFAH1B3","turquoise"
"PAK2","turquoise"
"PCBP1","turquoise"
"PCNA","turquoise"
"CHMP1A","turquoise"
"PCYT1A","turquoise"
"PDE7A","turquoise"
"PDHB","turquoise"
"SERPINF1","turquoise"
"PEPD","turquoise"
"PER1","turquoise"
"PF4","turquoise"
"PF4V1","grey"
"CFP","turquoise"
"PFDN2","turquoise"
"PFDN5","turquoise"
"PFKFB4","turquoise"
"PFKL","turquoise"
"PFN1","turquoise"
"PGAM1","turquoise"
"PGAM2","turquoise"
"PGD","turquoise"
"PGK1","turquoise"
"PHB1","turquoise"
"SLC25A3","turquoise"
"PHF1","turquoise"
"PHKG2","turquoise"
"SERPINA1","turquoise"
"PI3","turquoise"
"SERPINB9","turquoise"
"PIGC","turquoise"
"PIK3CD","turquoise"
"PIK3R2","brown"
"PI4KA","turquoise"
"PI4KB","turquoise"
"PIN1","turquoise"
"PIP4K2A","brown"
"PITPNA","turquoise"
"PKM","turquoise"
"PLAGL2","turquoise"
"PLAUR","turquoise"
"PLCB2","turquoise"
"PLCG1","turquoise"
"PLCG2","turquoise"
"PLEC","turquoise"
"PLEK","turquoise"
"PLP2","turquoise"
"PLSCR1","turquoise"
"PML","turquoise"
"EXOSC10","turquoise"
"PNN","turquoise"
"POLD2","turquoise"
"POLG","turquoise"
"POLR2A","turquoise"
"POLR2C","turquoise"
"POLR2E","turquoise"
"POLR2G","turquoise"
"POLR2I","turquoise"
"POLR2L","turquoise"
"POLRMT","turquoise"
"POR","turquoise"
"POU2AF1","turquoise"
"POU2F2","turquoise"
"PPARD","turquoise"
"PPBP","turquoise"
"CTSA","turquoise"
"PPIA","turquoise"
"PPIB","turquoise"
"PPM1A","brown"
"PPM1G","turquoise"
"PPP1CA","turquoise"
"PPP1CB","turquoise"
"PPP1CC","turquoise"
"PPP1R2","turquoise"
"PPP1R3D","turquoise"
"PPP1R8","turquoise"
"PPP1R10","turquoise"
"PPP2CA","turquoise"
"PPP2R1A","turquoise"
"PTPA","turquoise"
"PPP2R5A","turquoise"
"PPP2R5C","turquoise"
"PPP2R5D","turquoise"
"PPP3CA","turquoise"
"PPP4C","turquoise"
"PPP5C","turquoise"
"PPP6C","turquoise"
"PPT1","turquoise"
"PRCC","turquoise"
"PRCP","turquoise"
"PRF1","turquoise"
"SRGN","turquoise"
"PRKAB1","turquoise"
"PRKACA","turquoise"
"PRKACB","turquoise"
"PRKAG1","turquoise"
"PRKAR1A","turquoise"
"PRKAR2A","turquoise"
"PRKAR2B","turquoise"
"PRKCB","turquoise"
"PRKCD","turquoise"
"PRKCH","turquoise"
"PKN1","turquoise"
"PRKCQ","turquoise"
"PRKCSH","turquoise"
"MAPK3","turquoise"
"MAP2K1","turquoise"
"MAP2K3","brown"
"EIF2AK2","turquoise"
"THAP12","turquoise"
"PRKY","turquoise"
"PRNP","turquoise"
"PRPS1","turquoise"
"PRPS2","turquoise"
"PSAP","turquoise"
"PSMA1","turquoise"
"PSMA2","turquoise"
"PSMA3","turquoise"
"PSMA5","turquoise"
"PSMA6","turquoise"
"PSMA7","turquoise"
"PSMB1","turquoise"
"PSMB2","turquoise"
"PSMB3","turquoise"
"PSMB4","turquoise"
"PSMB8","turquoise"
"PSMB9","turquoise"
"PSMB10","turquoise"
"PSMC5","turquoise"
"PSMD3","turquoise"
"PSMD4","turquoise"
"PSMD5","turquoise"
"PSMD7","turquoise"
"PSMD8","turquoise"
"PSMD11","turquoise"
"PSMD13","turquoise"
"PSME1","turquoise"
"PSME2","turquoise"
"PTAFR","turquoise"
"PTBP1","turquoise"
"PTGDS","turquoise"
"PTGER2","turquoise"
"PTGER4","turquoise"
"PTGIR","turquoise"
"PTGS2","turquoise"
"PTMA","turquoise"
"PTPN1","turquoise"
"PTPN6","turquoise"
"PTPN7","turquoise"
"PTPN12","turquoise"
"PTPRA","turquoise"
"PTPRC","turquoise"
"PTPRCAP","turquoise"
"PTPRJ","turquoise"
"PEX19","turquoise"
"PXN","turquoise"
"PYGB","turquoise"
"PYGL","turquoise"
"QARS1","turquoise"
"RAB1A","turquoise"
"RAB2A","turquoise"
"RAB5B","turquoise"
"RAB6A","turquoise"
"MAP4K2","turquoise"
"RAB27A","turquoise"
"RABGGTA","turquoise"
"RAB5C","turquoise"
"RAC1","turquoise"
"RAC2","turquoise"
"RAD21","turquoise"
"RAD23A","blue"
"RALB","turquoise"
"RAN","turquoise"
"RANBP1","turquoise"
"RAP1GAP","blue"
"RAP2B","turquoise"
"RARG","turquoise"
"RARS1","turquoise"
"PLAAT4","turquoise"
"RBBP4","turquoise"
"RBL2","turquoise"
"RBM3","turquoise"
"RBM4","turquoise"
"RELA","turquoise"
"RELB","turquoise"
"RENBP","turquoise"
"UPF1","turquoise"
"DPF2","turquoise"
"TRIM27","turquoise"
"RFX5","turquoise"
"RGS2","turquoise"
"RING1","turquoise"
"RMRP","turquoise"
"RN7SL1","grey"
"RNASE2","turquoise"
"RNASE3","grey"
"RNASE6","turquoise"
"BRD2","turquoise"
"RNF4","turquoise"
"RNH1","turquoise"
"RNPEP","turquoise"
"ABCE1","turquoise"
"RP2","turquoise"
"RPA2","turquoise"
"RPL3","turquoise"
"RPL4","turquoise"
"RPL5","turquoise"
"RPL6","turquoise"
"RPL7","turquoise"
"RPL7A","turquoise"
"RPL8","turquoise"
"RPL9","turquoise"
"RPL10","turquoise"
"RPL11","turquoise"
"RPL12","turquoise"
"RPL13","turquoise"
"RPL15","turquoise"
"RPL17","turquoise"
"RPL18","turquoise"
"RPL18A","turquoise"
"RPL19","turquoise"
"RPL21","turquoise"
"RPL22","turquoise"
"RPL23A","turquoise"
"RPL24","turquoise"
"RPL26","turquoise"
"RPL27","turquoise"
"RPL30","turquoise"
"RPL27A","turquoise"
"RPL28","turquoise"
"RPL29","turquoise"
"RPL31","turquoise"
"RPL32","turquoise"
"RPL34","turquoise"
"RPL35A","turquoise"
"RPL36AL","turquoise"
"RPL37","turquoise"
"RPL37A","turquoise"
"RPL38","turquoise"
"RPL39","turquoise"
"RPL41","turquoise"
"RPL36A","turquoise"
"RPLP0","turquoise"
"RPLP1","turquoise"
"RPLP2","turquoise"
"MRPL12","turquoise"
"MRPS12","turquoise"
"RPN1","turquoise"
"RPN2","turquoise"
"RPS2","turquoise"
"RPS3","turquoise"
"RPS3A","turquoise"
"RPS4X","turquoise"
"RPS4Y1","turquoise"
"RPS5","turquoise"
"RPS6","turquoise"
"RPS6KA1","turquoise"
"RPS6KA3","turquoise"
"RPS6KB2","turquoise"
"RPS7","turquoise"
"RPS8","turquoise"
"RPS9","turquoise"
"RPS10","turquoise"
"RPS11","turquoise"
"RPS13","turquoise"
"RPS14","turquoise"
"RPS15","turquoise"
"RPS15A","turquoise"
"RPS16","turquoise"
"RPS17","turquoise"
"RPS18","turquoise"
"RPS19","turquoise"
"RPS20","turquoise"
"RPS21","turquoise"
"RPS23","turquoise"
"RPS24","turquoise"
"RPS25","turquoise"
"RPS26","turquoise"
"RPS27","turquoise"
"RPS27A","turquoise"
"RPS28","turquoise"
"RPS29","turquoise"
"RRAS","turquoise"
"RRBP1","turquoise"
"RXRB","turquoise"
"S100A4","turquoise"
"S100A6","turquoise"
"S100A8","turquoise"
"S100A9","turquoise"
"S100A10","turquoise"
"S100A11","turquoise"
"S100A12","turquoise"
"S100B","turquoise"
"S100P","turquoise"
"VPS52","turquoise"
"TSPAN31","turquoise"
"SAT1","turquoise"
"SBF1","turquoise"
"CCL4","turquoise"
"CCL5","turquoise"
"SDCBP","turquoise"
"SDF2","turquoise"
"SDHB","turquoise"
"SDHD","turquoise"
"SEC13","turquoise"
"SEC14L1","turquoise"
"SECTM1","turquoise"
"TRAPPC2","turquoise"
"SELL","turquoise"
"SELPLG","turquoise"
"SELENOW","turquoise"
"SET","turquoise"
"SFPQ","turquoise"
"SFRP2","blue"
"SRSF1","turquoise"
"SRSF2","turquoise"
"SRSF3","turquoise"
"SRSF4","turquoise"
"SRSF5","turquoise"
"SRSF6","turquoise"
"SRSF7","turquoise"
"SFSWAP","turquoise"
"TRA2B","turquoise"
"SGK1","turquoise"
"SGTA","turquoise"
"SH3BGRL","turquoise"
"SH3BP2","turquoise"
"SHC1","turquoise"
"SHMT2","turquoise"
"SIAH2","blue"
"ST6GAL1","turquoise"
"ST3GAL1","turquoise"
"ST3GAL2","turquoise"
"ST3GAL4","turquoise"
"SIPA1","turquoise"
"SKIC2","turquoise"
"SLA","turquoise"
"SLC1A5","blue"
"SLC2A3","turquoise"
"SLC4A1","blue"
"SLC4A2","turquoise"
"SLC6A8","blue"
"SLC6A9","blue"
"SLC9A1","turquoise"
"SLC11A1","turquoise"
"SLC14A1","blue"
"SLC20A1","turquoise"
"SLC25A1","turquoise"
"SLPI","turquoise"
"SMARCA2","turquoise"
"SMARCA4","turquoise"
"SMARCB1","turquoise"
"SMARCC1","turquoise"
"SMARCC2","turquoise"
"SMARCD1","turquoise"
"SMARCD2","turquoise"
"SMPD1","turquoise"
"SUMO3","turquoise"
"SUMO2","turquoise"
"SNCA","blue"
"SNRNP70","turquoise"
"SNRPA","turquoise"
"SNRPA1","turquoise"
"SNRPB","turquoise"
"SNRPB2","turquoise"
"SNRPC","turquoise"
"SNRPD2","turquoise"
"SNX1","turquoise"
"SOD2","turquoise"
"CAPN15","turquoise"
"SON","turquoise"
"SP1","turquoise"
"SP100","turquoise"
"SPARC","turquoise"
"SPG7","turquoise"
"SPI1","turquoise"
"SPIB","turquoise"
"SPN","turquoise"
"SPTAN1","turquoise"
"SPTB","blue"
"SRC","turquoise"
"SRI","turquoise"
"SREBF1","turquoise"
"SREBF2","turquoise"
"SRF","turquoise"
"SRM","turquoise"
"SRP9","turquoise"
"SRP14","turquoise"
"SRP54","turquoise"
"SRP68","turquoise"
"SRP72","turquoise"
"SRPRA","turquoise"
"TRIM21","turquoise"
"SSR1","turquoise"
"SSR2","turquoise"
"SSR3","turquoise"
"SSR4","turquoise"
"SSRP1","turquoise"
"ST13","brown"
"STAT1","turquoise"
"STAT2","turquoise"
"STAT3","turquoise"
"STAT4","turquoise"
"STAT5A","turquoise"
"STAT5B","turquoise"
"STAT6","turquoise"
"STIM1","turquoise"
"STK4","turquoise"
"STK10","turquoise"
"STK11","brown"
"SULT1A2","turquoise"
"STX3","turquoise"
"STXBP3","turquoise"
"SULT1A1","turquoise"
"SULT1A3","turquoise"
"SUOX","turquoise"
"SURF1","turquoise"
"SURF2","turquoise"
"SURF4","turquoise"
"VAMP1","turquoise"
"VAMP2","turquoise"
"XCL2","turquoise"
"SYPL1","turquoise"
"TACC1","turquoise"
"TAGLN","turquoise"
"TAF6","turquoise"
"TAF7","turquoise"
"TAF10","turquoise"
"TALDO1","turquoise"
"TAP1","turquoise"
"TAP2","turquoise"
"TAPBP","turquoise"
"TARS1","turquoise"
"TAFAZZIN","turquoise"
"TBCC","turquoise"
"TBL1X","turquoise"
"TBP","turquoise"
"TBXAS1","turquoise"
"TCF7","turquoise"
"VPS72","turquoise"
"MLX","turquoise"
"TCOF1","turquoise"
"TCP1","turquoise"
"PPP1R11","turquoise"
"DYNLT1","turquoise"
"PRDX2","blue"
"TMBIM6","turquoise"
"TEP1","turquoise"
"TERF2","turquoise"
"TESK1","turquoise"
"TFDP1","brown"
"TFE3","turquoise"
"TGFB1","turquoise"
"TGFBI","turquoise"
"TGFBR2","turquoise"
"TGFBR3","turquoise"
"TGM2","blue"
"KLF10","turquoise"
"TIMP1","turquoise"
"TIMP2","turquoise"
"TKT","turquoise"
"TLE3","turquoise"
"TLN1","turquoise"
"SEC62","brown"
"TLR1","turquoise"
"TLR2","turquoise"
"TLR4","turquoise"
"TMOD1","blue"
"TMPO","turquoise"
"TMSB4X","turquoise"
"TNF","turquoise"
"TNFAIP1","turquoise"
"TNFAIP2","turquoise"
"TNFRSF1A","turquoise"
"TNFRSF1B","turquoise"
"TNS1","blue"
"TOP1","turquoise"
"TOP2B","turquoise"
"TP53","turquoise"
"TPD52L2","turquoise"
"TPI1","turquoise"
"TPM3","turquoise"
"TPM4","turquoise"
"TPT1","turquoise"
"TRAF1","turquoise"
"CCT3","turquoise"
"TSG101","turquoise"
"TSPYL1","turquoise"
"TST","turquoise"
"GFUS","blue"
"TTF1","turquoise"
"TUBA4A","turquoise"
"TUBB2A","grey"
"TUFM","turquoise"
"TXK","turquoise"
"TYK2","turquoise"
"TYROBP","turquoise"
"UBB","blue"
"UBA1","turquoise"
"UBA7","turquoise"
"UBE2A","turquoise"
"UBE2B","turquoise"
"UBE2D1","turquoise"
"UBE2D2","turquoise"
"UBE2D3","turquoise"
"UBE2G1","turquoise"
"UBE2G2","turquoise"
"UBE2H","brown"
"UBE2I","turquoise"
"UBE2L3","turquoise"
"UBE2N","turquoise"
"UBE2V1","brown"
"SUMO1","turquoise"
"UBP1","turquoise"
"UBTF","turquoise"
"UCP2","turquoise"
"UGP2","turquoise"
"NR1H2","turquoise"
"UPP1","turquoise"
"UQCRC1","turquoise"
"UQCRC2","turquoise"
"UQCRFS1","turquoise"
"UQCRH","turquoise"
"UROD","brown"
"USF1","turquoise"
"USF2","turquoise"
"VARS1","turquoise"
"VASP","turquoise"
"VAV1","turquoise"
"VCL","turquoise"
"VDAC1","turquoise"
"VEGFB","turquoise"
"VHL","turquoise"
"EZR","turquoise"
"VIM","turquoise"
"WARS1","turquoise"
"WAS","turquoise"
"WIPF1","turquoise"
"EIF4H","turquoise"
"LAT2","turquoise"
"XBP1","turquoise"
"XRCC1","turquoise"
"XRCC3","turquoise"
"XRCC5","turquoise"
"YY1","turquoise"
"YWHAB","turquoise"
"YWHAE","turquoise"
"YWHAG","turquoise"
"YWHAH","turquoise"
"YWHAZ","turquoise"
"ZAP70","turquoise"
"SF1","turquoise"
"ZFP36","turquoise"
"ZFPL1","turquoise"
"CNBP","turquoise"
"ZNF76","turquoise"
"TRIM25","turquoise"
"ZBTB17","turquoise"
"VEZF1","turquoise"
"TRIM26","turquoise"
"ZNF185","turquoise"
"ZNF207","turquoise"
"ZNF213","turquoise"
"ZFAND5","turquoise"
"ZNF217","turquoise"
"ZYX","turquoise"
"PRDM2","turquoise"
"PTP4A1","turquoise"
"LAPTM5","turquoise"
"CSDE1","brown"
"BTG2","turquoise"
"MOGS","turquoise"
"TUBA1A","turquoise"
"IL1R2","turquoise"
"CXCR4","turquoise"
"MAPKAPK3","turquoise"
"MANF","turquoise"
"RAB7A","turquoise"
"ST8SIA4","turquoise"
"REEP5","turquoise"
"PRRC2A","turquoise"
"GPANK1","turquoise"
"DDX39B","turquoise"
"ABHD16A","turquoise"
"LST1","turquoise"
"TFEB","turquoise"
"BRD3","turquoise"
"NCOA4","brown"
"RASSF7","turquoise"
"PTP4A2","turquoise"
"MLF2","turquoise"
"CDK2AP1","turquoise"
"PABPN1","turquoise"
"TCL1A","turquoise"
"NPRL3","blue"
"SF3A2","turquoise"
"ELL","turquoise"
"SYMPK","turquoise"
"CLPP","turquoise"
"GATD3","turquoise"
"LZTR1","turquoise"
"GTPBP6","turquoise"
"AKAP17A","turquoise"
"USP11","turquoise"
"RBM10","turquoise"
"KDM5C","turquoise"
"F8A1","turquoise"
"UBL4A","turquoise"
"LAGE3","turquoise"
"ARID1A","turquoise"
"DYSF","turquoise"
"PICALM","turquoise"
"KLRC4","turquoise"
"SNN","turquoise"
"BAP1","turquoise"
"EOMES","turquoise"
"H2AC6","turquoise"
"H2BC8","turquoise"
"H2BC21","turquoise"
"H4C3","grey"
"MAD1L1","turquoise"
"PIP5K1A","turquoise"
"PIP4K2B","turquoise"
"PLA2G6","turquoise"
"SLC25A11","turquoise"
"SPOP","turquoise"
"TAGLN2","turquoise"
"ULK1","turquoise"
"UXT","turquoise"
"LTBP4","turquoise"
"CAVIN2","turquoise"
"NSMAF","turquoise"
"DHX16","turquoise"
"CUL4B","turquoise"
"CUL1","turquoise"
"OGT","turquoise"
"RAE1","turquoise"
"RANBP3","turquoise"
"NIPSNAP1","turquoise"
"NDST2","turquoise"
"KCNAB2","turquoise"
"IFITM1","turquoise"
"GAS7","turquoise"
"DGKZ","turquoise"
"DGKD","turquoise"
"CST7","turquoise"
"YBX3","blue"
"COPS3","turquoise"
"CAMK1","turquoise"
"API5","turquoise"
"APOL1","turquoise"
"LMO4","turquoise"
"BHLHE40","turquoise"
"CDK10","turquoise"
"DEGS1","turquoise"
"YARS1","turquoise"
"MADD","turquoise"
"KHSRP","turquoise"
"AKR7A2","turquoise"
"SCARF1","turquoise"
"NOP14","turquoise"
"SKAP1","turquoise"
"RNASET2","turquoise"
"EIF4EBP3","turquoise"
"OASL","turquoise"
"NUMB","turquoise"
"SOCS1","turquoise"
"DDX3Y","turquoise"
"DYNLL1","brown"
"EIF3A","turquoise"
"EIF3C","turquoise"
"EIF3D","turquoise"
"EIF3F","turquoise"
"EIF3G","turquoise"
"EIF3H","turquoise"
"EIF3I","turquoise"
"EIF3J","turquoise"
"VAMP8","turquoise"
"STX16","turquoise"
"STX11","turquoise"
"STX10","turquoise"
"BECN1","turquoise"
"JMJD7-PLA2G4B","turquoise"
"PEA15","turquoise"
"SRSF9","turquoise"
"MARCO","turquoise"
"DGAT1","turquoise"
"S1PR4","turquoise"
"B3GALT4","turquoise"
"TRADD","turquoise"
"TNFRSF25","turquoise"
"MBTPS1","turquoise"
"EDF1","turquoise"
"SNX3","brown"
"ADAM19","turquoise"
"GBF1","turquoise"
"GPAA1","turquoise"
"TNFSF14","turquoise"
"TNFSF13","turquoise"
"TNFSF12","turquoise"
"TNFSF10","turquoise"
"ADAM15","turquoise"
"CDS2","turquoise"
"PABPC4","turquoise"
"CD164","turquoise"
"TNFRSF14","turquoise"
"RIPK2","turquoise"
"FADD","turquoise"
"SNAP23","turquoise"
"SIGLEC5","turquoise"
"TNFRSF10C","turquoise"
"PEX11B","turquoise"
"SUCLG1","turquoise"
"IL18RAP","turquoise"
"CCNK","turquoise"
"BANF1","turquoise"
"DPM2","blue"
"CES2","turquoise"
"IQGAP1","turquoise"
"CD84","turquoise"
"CFLAR","turquoise"
"HDAC3","turquoise"
"HCAR3","turquoise"
"ALKBH1","turquoise"
"KAT2B","brown"
"LDB1","turquoise"
"IER3","turquoise"
"CDC123","turquoise"
"VNN2","turquoise"
"VNN1","turquoise"
"SQSTM1","turquoise"
"CDC16","turquoise"
"DDX18","turquoise"
"TAX1BP1","turquoise"
"EIF2B4","turquoise"
"EIF2S2","turquoise"
"CPNE3","turquoise"
"CPNE1","turquoise"
"AP1G2","turquoise"
"SNURF","turquoise"
"MBD4","turquoise"
"MBD2","turquoise"
"RAB29","turquoise"
"AP3D1","turquoise"
"SNORD73A","turquoise"
"H1-10","turquoise"
"MGAM","turquoise"
"PLOD3","turquoise"
"RPS6KA4","turquoise"
"SELENBP1","blue"
"PGLYRP1","turquoise"
"TAF1C","turquoise"
"MPZL1","turquoise"
"SOCS3","turquoise"
"CLIC3","turquoise"
"BAZ1B","turquoise"
"UBA3","turquoise"
"RPL14","turquoise"
"DOK2","turquoise"
"SH2D2A","turquoise"
"AIP","turquoise"
"PSTPIP2","turquoise"
"PSTPIP1","turquoise"
"SLC7A7","turquoise"
"SLC7A6","turquoise"
"PAPSS1","turquoise"
"ASH2L","turquoise"
"CLDN9","turquoise"
"EIF1AY","brown"
"SART1","turquoise"
"DNAJA3","turquoise"
"UNC119","turquoise"
"USP10","turquoise"
"NMI","turquoise"
"MTA1","turquoise"
"ATP6V0D1","turquoise"
"SLC16A5","turquoise"
"SLC16A3","turquoise"
"CNOT9","turquoise"
"RRP9","turquoise"
"ARHGEF1","turquoise"
"SYNGR2","turquoise"
"HGS","turquoise"
"FIBP","turquoise"
"PCSK7","turquoise"
"TMSB10","turquoise"
"LPAR2","turquoise"
"MYOM2","turquoise"
"ARHGEF2","turquoise"
"BUB3","turquoise"
"DDX21","turquoise"
"FCMR","turquoise"
"MTA2","turquoise"
"NOLC1","turquoise"
"IL32","turquoise"
"TBRG4","turquoise"
"PNMA1","turquoise"
"NOG","turquoise"
"UBE2L6","turquoise"
"DHRS3","turquoise"
"PDLIM7","turquoise"
"MAPKAPK2","turquoise"
"STK17B","turquoise"
"CYTH1","turquoise"
"BCL7C","turquoise"
"BCL7B","turquoise"
"WDR46","turquoise"
"ZBTB22","turquoise"
"ADGRG1","turquoise"
"SRSF11","turquoise"
"ATP6V1F","turquoise"
"SNORD30","turquoise"
"SNORD28","turquoise"
"SNORD27","turquoise"
"SNORD26","turquoise"
"SNORD22","turquoise"
"KLF4","turquoise"
"HMGN3","turquoise"
"GTF3C5","turquoise"
"B4GALT5","turquoise"
"CNOT8","turquoise"
"VAMP3","turquoise"
"SNAP29","turquoise"
"EFTUD2","turquoise"
"TAOK2","turquoise"
"RPL23","turquoise"
"NHERF1","turquoise"
"TM9SF2","turquoise"
"COX5A","turquoise"
"CIAO1","turquoise"
"GRAP2","turquoise"
"SELENOF","turquoise"
"LPXN","turquoise"
"ZRANB2","turquoise"
"SNRNP40","turquoise"
"DDX23","turquoise"
"KCNK6","turquoise"
"CHST2","turquoise"
"NCR1","turquoise"
"ITM2B","turquoise"
"GSTO1","turquoise"
"LY86","turquoise"
"ITM2A","turquoise"
"ARHGEF6","turquoise"
"IL27RA","turquoise"
"EIF4E2","turquoise"
"THEMIS2","turquoise"
"PIGB","turquoise"
"PGS1","turquoise"
"LITAF","turquoise"
"TECR","turquoise"
"VPS4B","turquoise"
"MPDU1","turquoise"
"GMFG","turquoise"
"TP53I11","turquoise"
"CIR1","turquoise"
"RAB3D","turquoise"
"APBA3","turquoise"
"ATP6V1G1","turquoise"
"SPAG7","turquoise"
"MRPL33","turquoise"
"MACROH2A1","turquoise"
"ATP5MJ","turquoise"
"CCL4L2","turquoise"
"NR1D1","turquoise"
"BABAM2","turquoise"
"APOBEC3B","turquoise"
"ENTPD4","turquoise"
"RBM39","turquoise"
"MAD2L1BP","turquoise"
"PRDX6","grey"
"WTAP","turquoise"
"IER2","turquoise"
"CYTIP","turquoise"
"PITPNM1","turquoise"
"PDIA4","turquoise"
"VPS9D1","turquoise"
"NCOR2","turquoise"
"SEC24C","turquoise"
"ISG15","turquoise"
"IKBKE","turquoise"
"MORF4L2","turquoise"
"MICAL2","blue"
"PPM1F","turquoise"
"MDC1","turquoise"
"LPIN2","turquoise"
"EIF5B","turquoise"
"SLC25A44","turquoise"
"KIAA0040","turquoise"
"TTI1","turquoise"
"FAM53B","turquoise"
"N4BP1","turquoise"
"CLINT1","turquoise"
"BZW1","turquoise"
"EDEM1","turquoise"
"PUM1","turquoise"
"PPP6R2","turquoise"
"BLTP2","turquoise"
"DHX34","turquoise"
"HERPUD1","turquoise"
"FAM131B","turquoise"
"TMEM63A","turquoise"
"SART3","turquoise"
"LAPTM4A","turquoise"
"ACAP1","turquoise"
"RIPOR2","turquoise"
"KMT2B","turquoise"
"KIAA0513","turquoise"
"SUSD6","turquoise"
"TMEM94","turquoise"
"EIF4A3","turquoise"
"TM9SF4","turquoise"
"PIEZO1","turquoise"
"MATR3","turquoise"
"SNX17","turquoise"
"DHX38","turquoise"
"SPCS2","turquoise"
"PTDSS1","turquoise"
"MAML1","turquoise"
"TATDN2","turquoise"
"IST1","turquoise"
"DAZAP2","turquoise"
"TOMM20","turquoise"
"SPOCK2","turquoise"
"IP6K1","turquoise"
"EFCAB14","turquoise"
"SFI1","turquoise"
"GIT2","turquoise"
"KEAP1","turquoise"
"TRIM14","turquoise"
"ZEB2","turquoise"
"PLEKHM1","turquoise"
"GAB2","turquoise"
"PSMD6","turquoise"
"MED24","turquoise"
"TRIM66","turquoise"
"PJA2","turquoise"
"TOMM70","turquoise"
"SETDB1","turquoise"
"AREL1","turquoise"
"FCHSD2","turquoise"
"DDX46","turquoise"
"TRANK1","turquoise"
"POM121","turquoise"
"TECPR2","turquoise"
"UBAP2L","turquoise"
"KLHL21","turquoise"
"SGSM2","turquoise"
"AP5Z1","turquoise"
"G3BP2","turquoise"
"DENND4B","turquoise"
"TMCC2","blue"
"SUPT7L","turquoise"
"NCAPD2","turquoise"
"SEC16A","turquoise"
"RNF10","blue"
"IQSEC1","turquoise"
"MFN2","turquoise"
"MAFB","turquoise"
"ARHGAP25","turquoise"
"WDR1","turquoise"
"USP15","turquoise"
"MVP","turquoise"
"SLC23A2","turquoise"
"THRAP3","turquoise"
"NUP153","turquoise"
"CLEC2B","turquoise"
"REC8","turquoise"
"RCE1","turquoise"
"HNRNPDL","turquoise"
"PPP4R1","turquoise"
"SLC12A6","turquoise"
"PTBP3","turquoise"
"DGCR2","turquoise"
"SCO2","turquoise"
"ACOT8","turquoise"
"ABI1","turquoise"
"KCNE3","turquoise"
"TANK","turquoise"
"SRA1","turquoise"
"PDCD6IP","turquoise"
"SH2B3","turquoise"
"TOM1","turquoise"
"SH2D3C","turquoise"
"SAE1","turquoise"
"COX17","turquoise"
"SCAMP2","turquoise"
"SCAMP3","turquoise"
"IL18BP","turquoise"
"TSPAN32","turquoise"
"PDCD7","turquoise"
"PQBP1","turquoise"
"ARPC5","turquoise"
"ARPC3","turquoise"
"ARPC1B","turquoise"
"ACTR3","turquoise"
"ACTR2","turquoise"
"NUBP2","turquoise"
"PPIF","turquoise"
"CTDSP2","turquoise"
"ARPC2","turquoise"
"PREB","turquoise"
"HIPK3","turquoise"
"ACTR1B","turquoise"
"ARL4C","turquoise"
"RASGRP1","turquoise"
"LRPPRC","turquoise"
"PDIA6","turquoise"
"OPTN","brown"
"BCAP31","turquoise"
"NAMPT","turquoise"
"ARFRP1","turquoise"
"TOB1","turquoise"
"G3BP1","turquoise"
"SUGP2","turquoise"
"PLXNC1","turquoise"
"TRIM28","turquoise"
"RASA4","turquoise"
"PDZK1IP1","grey"
"ATP6AP2","turquoise"
"LPCAT3","turquoise"
"DHRS9","turquoise"
"SORBS3","turquoise"
"RBM7","turquoise"
"RBM6","turquoise"
"TNK2","turquoise"
"ALYREF","turquoise"
"RNF41","turquoise"
"ALG3","turquoise"
"PSME3","turquoise"
"NUTF2","turquoise"
"EIF1","turquoise"
"FLOT1","turquoise"
"DDX39A","turquoise"
"KLRG1","turquoise"
"TRIB1","turquoise"
"GPA33","turquoise"
"CD96","turquoise"
"PLIN3","turquoise"
"RASGRP2","turquoise"
"SLC35B1","turquoise"
"DCAF7","turquoise"
"CALCOCO2","turquoise"
"TIMM17B","turquoise"
"SRRM1","turquoise"
"IGSF6","turquoise"
"SF3B4","turquoise"
"CDK2AP2","turquoise"
"ZMPSTE24","turquoise"
"STUB1","turquoise"
"SIGMAR1","turquoise"
"RGS19","turquoise"
"LILRB2","turquoise"
"SF3A1","turquoise"
"BCKDK","turquoise"
"KATNB1","turquoise"
"APBB3","turquoise"
"VPS26C","turquoise"
"TCIRG1","turquoise"
"RTN3","turquoise"
"IKZF1","turquoise"
"SIRPB1","turquoise"
"AKR1A1","turquoise"
"EMC8","turquoise"
"PCGF3","turquoise"
"TFG","turquoise"
"TRIM22","turquoise"
"ABCA7","turquoise"
"NPM3","turquoise"
"HMG20B","turquoise"
"KLF2","turquoise"
"CITED2","turquoise"
"TUBA1B","turquoise"
"IRF9","turquoise"
"TUBB4B","brown"
"BTN3A3","turquoise"
"CEPT1","turquoise"
"MYL9","grey"
"RACK1","turquoise"
"PEMT","turquoise"
"CPQ","turquoise"
"BASP1","turquoise"
"IFITM3","turquoise"
"SPON2","turquoise"
"CD2BP2","turquoise"
"PGRMC2","turquoise"
"SEC24B","turquoise"
"TMEM147","turquoise"
"RBM14","turquoise"
"LYPLA1","turquoise"
"CDC42EP2","turquoise"
"IFI30","turquoise"
"TIMM17A","turquoise"
"ZER1","brown"
"MCRS1","turquoise"
"TOMM40","turquoise"
"TAB1","turquoise"
"ECI2","turquoise"
"HAX1","turquoise"
"MAD2L2","turquoise"
"ZNHIT1","turquoise"
"TIMM44","turquoise"
"HMGN4","turquoise"
"TADA3","turquoise"
"TRIM38","turquoise"
"ATP5PD","turquoise"
"EIF3M","turquoise"
"NXF1","turquoise"
"SEC23B","turquoise"
"CAP1","turquoise"
"CREB3","turquoise"
"LRRC41","turquoise"
"CRTAP","turquoise"
"VAT1","turquoise"
"STK25","turquoise"
"SEMA4D","turquoise"
"SEMA4B","turquoise"
"MYBBP1A","turquoise"
"CIB1","turquoise"
"DDX17","turquoise"
"CHERP","turquoise"
"KAT5","turquoise"
"IPO7","turquoise"
"NOP56","turquoise"
"BATF","turquoise"
"DCTN2","turquoise"
"LAMTOR5","turquoise"
"TM9SF1","turquoise"
"PRDX4","turquoise"
"ARL6IP5","turquoise"
"AGPAT1","turquoise"
"AGPAT2","turquoise"
"RABAC1","turquoise"
"MRPL28","turquoise"
"CCT7","turquoise"
"CCT4","turquoise"
"CCT2","turquoise"
"NPC2","turquoise"
"GNLY","turquoise"
"IFITM2","turquoise"
"DRAP1","turquoise"
"DNPH1","turquoise"
"PRPF8","turquoise"
"CDC42EP3","turquoise"
"SH2B2","turquoise"
"ST6GALNAC2","turquoise"
"ERLIN1","turquoise"
"RBCK1","turquoise"
"TGOLN2","turquoise"
"ARID3B","turquoise"
"MYL12A","turquoise"
"TXNIP","turquoise"
"ATP5MG","turquoise"
"RGS14","turquoise"
"NPRL2","turquoise"
"YKT6","turquoise"
"PMVK","turquoise"
"KHDRBS1","turquoise"
"CELF1","turquoise"
"CELF2","turquoise"
"KLF1","blue"
"CTCF","turquoise"
"RRAGA","turquoise"
"GNA13","turquoise"
"TNFSF13B","turquoise"
"EBP","turquoise"
"CNPY3","turquoise"
"USP39","turquoise"
"SLC12A7","turquoise"
"OGA","turquoise"
"NUDC","turquoise"
"GRAP","turquoise"
"GIPC1","turquoise"
"NUP50","turquoise"
"ARPP19","turquoise"
"ZNF266","turquoise"
"VAMP5","turquoise"
"CYSLTR1","turquoise"
"SEPTIN9","turquoise"
"STARD10","turquoise"
"SRCAP","turquoise"
"RUVBL2","turquoise"
"PGRMC1","turquoise"
"LILRB1","turquoise"
"ARID5A","turquoise"
"HCP5","turquoise"
"USP20","turquoise"
"USP19","turquoise"
"HCST","turquoise"
"FGL2","turquoise"
"RAB10","turquoise"
"RUNDC3A","blue"
"DHRS4","turquoise"
"BLCAP","turquoise"
"TRAFD1","turquoise"
"PNPLA6","turquoise"
"UTS2","turquoise"
"PAPOLA","turquoise"
"EHMT2","turquoise"
"RNPS1","turquoise"
"FASTK","turquoise"
"RALBP1","turquoise"
"MORF4L1","turquoise"
"PRDX3","turquoise"
"EHD1","turquoise"
"MSL3","turquoise"
"C11orf58","turquoise"
"KDELR1","turquoise"
"SF3A3","turquoise"
"STARD3","turquoise"
"SEC61B","turquoise"
"OS9","turquoise"
"PNRC1","turquoise"
"TMED2","turquoise"
"LMAN2","turquoise"
"ERP29","turquoise"
"STIP1","turquoise"
"IFI44L","turquoise"
"EBNA1BP2","turquoise"
"YWHAQ","turquoise"
"TMED10","turquoise"
"UQCR11","turquoise"
"COPS6","turquoise"
"RAB32","turquoise"
"MAPRE2","turquoise"
"GCN1","turquoise"
"IMMT","turquoise"
"SF3B2","turquoise"
"SLC27A3","turquoise"
"CCDC85B","turquoise"
"IL24","turquoise"
"GLIPR1","turquoise"
"KDELR2","turquoise"
"SNRNP27","turquoise"
"RAB35","turquoise"
"LILRA1","turquoise"
"LILRB3","turquoise"
"LILRA2","turquoise"
"RAB31","turquoise"
"ADAP1","turquoise"
"RIPK3","turquoise"
"PIM2","turquoise"
"ADRM1","turquoise"
"OGFR","turquoise"
"WWP2","turquoise"
"CYB561D2","turquoise"
"TMEM115","turquoise"
"RER1","turquoise"
"HNRNPUL1","turquoise"
"BTN3A2","turquoise"
"BTN3A1","turquoise"
"RCAN3","turquoise"
"CLASRP","turquoise"
"CAPN10","turquoise"
"CDC42EP1","turquoise"
"PWP1","turquoise"
"CDC37","turquoise"
"ERG28","turquoise"
"NUDT3","turquoise"
"PSIP1","turquoise"
"BAZ2A","turquoise"
"WDR6","turquoise"
"MAP4K1","turquoise"
"RASSF1","turquoise"
"NISCH","turquoise"
"SUPT16H","turquoise"
"PLPBP","turquoise"
"IRAK3","turquoise"
"AKAP13","turquoise"
"MRPL3","turquoise"
"RPL35","turquoise"
"PRAF2","turquoise"
"RNF24","turquoise"
"PADI2","turquoise"
"PMF1","turquoise"
"PTGDR2","turquoise"
"PACSIN2","turquoise"
"MAN1B1","turquoise"
"DCTN3","turquoise"
"NRM","turquoise"
"ATXN2L","turquoise"
"SYNRG","turquoise"
"TREX1","turquoise"
"MGAT4B","turquoise"
"PNKP","turquoise"
"LYPLA2","turquoise"
"CD300A","turquoise"
"PARK7","turquoise"
"COPE","turquoise"
"MGAT4A","turquoise"
"TMC6","turquoise"
"STK38","turquoise"
"PHB2","turquoise"
"TUSC2","turquoise"
"U2AF2","turquoise"
"EXOSC8","turquoise"
"RNF13","turquoise"
"TWF2","turquoise"
"GABARAPL2","brown"
"CASC3","turquoise"
"COG2","turquoise"
"XRN2","turquoise"
"IKZF3","turquoise"
"COPG1","turquoise"
"RASA3","turquoise"
"DNAJC8","turquoise"
"PUF60","turquoise"
"RNF44","turquoise"
"DLGAP4","turquoise"
"AAK1","turquoise"
"NLRP1","turquoise"
"R3HDM2","turquoise"
"SEC31A","turquoise"
"MON1B","turquoise"
"CLSTN1","turquoise"
"KHDC4","turquoise"
"DENND3","turquoise"
"SBNO2","turquoise"
"DHX30","turquoise"
"RALY","turquoise"
"KLRK1","turquoise"
"MAPRE1","turquoise"
"MSRB2","turquoise"
"ATF6","turquoise"
"SEPHS2","turquoise"
"SIRT2","turquoise"
"RPIA","brown"
"SCAP","turquoise"
"SNW1","turquoise"
"TCF25","turquoise"
"ACIN1","turquoise"
"KDM2A","turquoise"
"GOLGA8A","turquoise"
"CNOT1","turquoise"
"SNRNP200","turquoise"
"KDM1A","turquoise"
"RBM34","turquoise"
"WDTC1","brown"
"XPO7","brown"
"KIF21B","turquoise"
"FNBP1","turquoise"
"TBC1D9B","turquoise"
"GGA2","turquoise"
"SETD1B","turquoise"
"CMTR1","turquoise"
"ERP44","turquoise"
"RRP1B","turquoise"
"TBC1D2B","turquoise"
"MRPS27","turquoise"
"RAP1GAP2","turquoise"
"NPIPB3","turquoise"
"CAMTA2","turquoise"
"ATG2A","turquoise"
"KDM6B","turquoise"
"ZZEF1","turquoise"
"ANKLE2","turquoise"
"FCHO1","turquoise"
"CIC","turquoise"
"SEPTIN6","turquoise"
"MAPK8IP3","turquoise"
"GGA3","turquoise"
"RTF1","turquoise"
"LPIN1","turquoise"
"RFTN1","turquoise"
"UBXN4","turquoise"
"ATG4B","turquoise"
"GANAB","turquoise"
"FAF2","turquoise"
"PSME4","brown"
"ARL6IP1","turquoise"
"PLEKHM2","turquoise"
"SYT11","turquoise"
"RRS1","turquoise"
"XPO6","turquoise"
"PRRC2C","turquoise"
"NBEAL2","turquoise"
"NUP210","turquoise"
"BOP1","turquoise"
"ZC3H7B","turquoise"
"EXOC7","turquoise"
"BICD2","turquoise"
"ATMIN","turquoise"
"SIN3B","turquoise"
"KIAA0930","turquoise"
"SLC9A8","turquoise"
"MAN2B2","turquoise"
"USP22","turquoise"
"JADE2","turquoise"
"VPS39","turquoise"
"ESYT1","turquoise"
"SMCHD1","turquoise"
"KHNYN","turquoise"
"FNBP4","turquoise"
"LARP1","turquoise"
"ARHGEF18","turquoise"
"SRGAP2","turquoise"
"SMG5","turquoise"
"MAU2","turquoise"
"NCSTN","turquoise"
"ATP13A2","turquoise"
"FRAT2","turquoise"
"FBXO46","turquoise"
"COTL1","turquoise"
"RYBP","turquoise"
"RHOQ","turquoise"
"HARS2","turquoise"
"SF3B1","turquoise"
"CBX6","turquoise"
"TRAM1","turquoise"
"ETHE1","turquoise"
"SEC11A","turquoise"
"ISCU","brown"
"SEC61G","turquoise"
"LEPROTL1","turquoise"
"CBX7","turquoise"
"MACF1","turquoise"
"KCTD2","turquoise"
"NUP188","turquoise"
"MORC3","turquoise"
"RPL13A","turquoise"
"CABIN1","turquoise"
"SRRM2","turquoise"
"ARHGAP45","turquoise"
"ACAP2","turquoise"
"CLCF1","turquoise"
"MMD","turquoise"
"PIK3R5","turquoise"
"ADAT1","turquoise"
"LILRA4","turquoise"
"PSD4","turquoise"
"SNAPIN","turquoise"
"WBP1","turquoise"
"ARL2BP","turquoise"
"PADI4","turquoise"
"TMEM50A","turquoise"
"RIGI","turquoise"
"ELP5","turquoise"
"ACOT9","turquoise"
"PATZ1","turquoise"
"MKRN1","blue"
"SH3BP1","turquoise"
"NUP62","turquoise"
"HSPBP1","turquoise"
"SNHG1","turquoise"
"LY96","turquoise"
"EDC4","turquoise"
"PPP1R15A","turquoise"
"PLD3","turquoise"
"PLXNB2","turquoise"
"EID1","turquoise"
"SDF2L1","turquoise"
"PPIL2","turquoise"
"OSBP2","blue"
"IL17RA","turquoise"
"APOL2","turquoise"
"MTCH1","turquoise"
"IFIT5","turquoise"
"FTSJ1","turquoise"
"CLDN15","turquoise"
"PRPF6","turquoise"
"SUN2","turquoise"
"PGLS","turquoise"
"QPCT","turquoise"
"BRI3","turquoise"
"GCA","turquoise"
"LSM4","turquoise"
"SAMM50","turquoise"
"NOCT","turquoise"
"PRDX5","turquoise"
"TXN2","turquoise"
"TMEM184B","turquoise"
"TMT1A","turquoise"
"ANAPC13","turquoise"
"TECPR1","turquoise"
"DCAF12","blue"
"BRMS1","turquoise"
"ABHD14A","turquoise"
"PRKD2","turquoise"
"SUMF2","turquoise"
"RPL36","turquoise"
"TRIM58","blue"
"IFFO1","turquoise"
"NELFB","turquoise"
"ZDHHC5","turquoise"
"NOL11","turquoise"
"PTPN23","turquoise"
"SAMHD1","turquoise"
"ZNF385A","turquoise"
"UNC50","turquoise"
"AAR2","turquoise"
"KRT23","turquoise"
"ULK3","turquoise"
"TBC1D10B","turquoise"
"RNF167","turquoise"
"GORASP2","turquoise"
"NSMF","turquoise"
"FAM32A","turquoise"
"IPCEF1","turquoise"
"SIPA1L1","turquoise"
"PPP1R16B","turquoise"
"RTL8A","turquoise"
"GGA1","turquoise"
"TOR1AIP1","turquoise"
"CCDC9","turquoise"
"SZRD1","turquoise"
"WIPI2","turquoise"
"CCDC69","turquoise"
"WSB1","turquoise"
"LDLRAP1","turquoise"
"PRPF31","turquoise"
"TCTN3","turquoise"
"TRPC4AP","turquoise"
"TES","turquoise"
"TTLL3","turquoise"
"IRF2BP1","turquoise"
"PHF19","turquoise"
"NAT9","turquoise"
"NOC2L","turquoise"
"RSL1D1","turquoise"
"GIMAP2","turquoise"
"SENP3","turquoise"
"INTS1","turquoise"
"PITPNC1","turquoise"
"FBXL3","turquoise"
"B3GAT3","turquoise"
"FBXL6","turquoise"
"FBXL5","turquoise"
"CLEC4E","turquoise"
"FBXO6","turquoise"
"TINF2","turquoise"
"PTPN18","turquoise"
"PPP1R14B","turquoise"
"TIMM10B","turquoise"
"TIMM8B","turquoise"
"DAZAP1","turquoise"
"OSTF1","turquoise"
"SNORD102","turquoise"
"SNORD4B","turquoise"
"SNORD4A","turquoise"
"SNORA70","turquoise"
"SNORD63","turquoise"
"SNORD59A","turquoise"
"SNORD58B","turquoise"
"SNORD57","turquoise"
"SNORD56","turquoise"
"SNORD54","turquoise"
"SNORD52","turquoise"
"SNORD49A","turquoise"
"SNORD48","turquoise"
"SNORD36C","turquoise"
"SNORD36A","turquoise"
"SNORD32A","turquoise"
"SNORD14A","turquoise"
"HBP1","turquoise"
"AP3M1","turquoise"
"PABPC1","turquoise"
"AKAP8L","turquoise"
"CYFIP2","turquoise"
"USP21","turquoise"
"NPTN","turquoise"
"SIGLEC7","turquoise"
"LAT","turquoise"
"GHITM","turquoise"
"DAPP1","turquoise"
"EIF2AK1","blue"
"ARRDC2","turquoise"
"BBC3","turquoise"
"CYTH4","turquoise"
"SNX5","turquoise"
"NAAA","turquoise"
"PRELID1","turquoise"
"SLC39A1","turquoise"
"SIGLEC9","turquoise"
"VPS4A","turquoise"
"C5AR2","turquoise"
"SERP1","turquoise"
"GPR162","turquoise"
"SIT1","turquoise"
"CHMP2A","turquoise"
"MMADHC","turquoise"
"PDCD4","turquoise"
"CRCP","turquoise"
"RBMX","turquoise"
"TNRC6A","turquoise"
"P2RY10","turquoise"
"EIF3K","turquoise"
"PRPF19","turquoise"
"RRP7A","turquoise"
"PCSK1N","blue"
"TOR1B","turquoise"
"SGSM3","turquoise"
"MAT2B","turquoise"
"TOR2A","turquoise"
"POLM","turquoise"
"EML4","turquoise"
"SLCO3A1","turquoise"
"TRIB2","turquoise"
"CCDC22","turquoise"
"LAMTOR2","turquoise"
"COA3","turquoise"
"TMEM176B","turquoise"
"GIT1","turquoise"
"BZW2","turquoise"
"SPCS1","turquoise"
"MRPS18B","turquoise"
"C19orf53","turquoise"
"MAGEH1","turquoise"
"NOB1","turquoise"
"DBNL","turquoise"
"COMMD5","turquoise"
"TMEM230","turquoise"
"MRPL18","turquoise"
"CHMP4A","turquoise"
"PHPT1","turquoise"
"THYN1","turquoise"
"LINC00339","turquoise"
"ORMDL2","turquoise"
"RANGRF","turquoise"
"COMMD9","turquoise"
"TMEM208","turquoise"
"SSU72","turquoise"
"NXT1","turquoise"
"PYCARD","turquoise"
"FHOD1","turquoise"
"SAP30BP","turquoise"
"MYLIP","turquoise"
"BRD7","turquoise"
"CLEC2D","turquoise"
"ANKRD11","turquoise"
"C11orf21","turquoise"
"ABT1","turquoise"
"NCAPH2","turquoise"
"ZDHHC8","turquoise"
"VPREB3","turquoise"
"REPIN1","turquoise"
"ANAPC2","turquoise"
"STRN4","turquoise"
"RBM15B","turquoise"
"CPSF1","turquoise"
"TRA2A","turquoise"
"GPR171","turquoise"
"GMPPA","turquoise"
"SEC61A1","turquoise"
"GPR132","turquoise"
"SNX12","turquoise"
"NENF","turquoise"
"SERTAD3","turquoise"
"DPP7","turquoise"
"CERS2","turquoise"
"MRM2","turquoise"
"UBQLN2","turquoise"
"UBQLN1","turquoise"
"PILRB","turquoise"
"PILRA","turquoise"
"NOP53","turquoise"
"TNPO2","turquoise"
"ERO1A","turquoise"
"TBX21","turquoise"
"SH3KBP1","turquoise"
"SLC40A1","turquoise"
"CXXC1","turquoise"
"NT5C","turquoise"
"POLR1H","turquoise"
"G0S2","grey"
"MINK1","turquoise"
"IL21R","turquoise"
"DEF6","turquoise"
"ARHGEF3","turquoise"
"DCAF8","turquoise"
"HP1BP3","turquoise"
"COPS7A","turquoise"
"F11R","turquoise"
"SNHG32","turquoise"
"STMN3","turquoise"
"HEBP1","turquoise"
"TMED5","turquoise"
"ASCC1","turquoise"
"TMED7","turquoise"
"PAM16","turquoise"
"UBXN1","turquoise"
"ZNF593","turquoise"
"ZBTB7B","turquoise"
"LAP3","turquoise"
"TXNDC11","turquoise"
"CALHM2","turquoise"
"MRPL2","turquoise"
"NOSIP","turquoise"
"MRPL4","turquoise"
"TMX2","turquoise"
"THAP4","turquoise"
"NDUFA13","turquoise"
"MRPS7","turquoise"
"CRYL1","turquoise"
"APH1A","turquoise"
"METTL9","brown"
"RDH11","turquoise"
"COQ4","turquoise"
"ZNF706","turquoise"
"GOLGA7","turquoise"
"PHF11","turquoise"
"CHCHD2","turquoise"
"SDF4","turquoise"
"JPT1","turquoise"
"ZNF580","turquoise"
"DCTN4","turquoise"
"HSD17B11","turquoise"
"LEF1","turquoise"
"PLEKHO1","turquoise"
"DCXR","turquoise"
"RSL24D1","turquoise"
"HERC5","turquoise"
"CKLF","turquoise"
"DDX47","turquoise"
"GLRX5","blue"
"ABI3","turquoise"
"GLTP","turquoise"
"PHF20","turquoise"
"EMC4","turquoise"
"HGH1","turquoise"
"MZB1","turquoise"
"SHISA5","turquoise"
"PAIP2","turquoise"
"PDZD11","turquoise"
"TMEM69","turquoise"
"RNF181","turquoise"
"TMEM216","turquoise"
"MRPL30","turquoise"
"MRPL27","turquoise"
"UBAP1","turquoise"
"BET1L","turquoise"
"MAPKAPK5-AS1","turquoise"
"IER5","turquoise"
"C1RL","turquoise"
"SCAND1","turquoise"
"GMIP","turquoise"
"GMPR2","turquoise"
"CD320","turquoise"
"SLC15A3","turquoise"
"TIMMDC1","turquoise"
"FKBP11","turquoise"
"FAM53C","turquoise"
"TLR8","turquoise"
"PLAC8","turquoise"
"SPG21","turquoise"
"AHSP","blue"
"ARL6IP4","turquoise"
"THEM6","turquoise"
"ZBTB7A","turquoise"
"TAOK3","turquoise"
"KLRF1","turquoise"
"CHST15","turquoise"
"TEX264","turquoise"
"POMP","turquoise"
"TMA7","turquoise"
"ATRAID","turquoise"
"CRLF3","turquoise"
"ATP6V1D","brown"
"ZNF589","turquoise"
"EIF3L","turquoise"
"TRPV2","turquoise"
"TRAPPC4","turquoise"
"BIN2","turquoise"
"ZNF107","turquoise"
"DDX41","turquoise"
"ANAPC5","turquoise"
"FAM8A1","turquoise"
"YTHDF2","turquoise"
"IP6K2","turquoise"
"LCMT1","turquoise"
"UBE2J1","turquoise"
"EVL","turquoise"
"SPOUT1","turquoise"
"NOP16","turquoise"
"RTCB","turquoise"
"NELFCD","turquoise"
"TRMT112","turquoise"
"UFC1","turquoise"
"MTFP1","turquoise"
"ZNF581","turquoise"
"SIRT7","turquoise"
"RAB14","turquoise"
"HDAC7","turquoise"
"TDP2","turquoise"
"CYRIB","turquoise"
"GDE1","brown"
"AZIN1","turquoise"
"MED15","turquoise"
"PIAS4","turquoise"
"SRRT","turquoise"
"CUTA","turquoise"
"LSR","turquoise"
"PIGT","turquoise"
"GET4","turquoise"
"ERGIC3","turquoise"
"KLF13","turquoise"
"SLC25A39","blue"
"LUC7L2","turquoise"
"SF3B6","turquoise"
"MRPL48","turquoise"
"TMBIM4","turquoise"
"YPEL5","turquoise"
"CIAO2B","turquoise"
"ZFR","turquoise"
"NUB1","turquoise"
"IFT25","turquoise"
"SARAF","turquoise"
"LSM7","turquoise"
"TRAPPC2L","turquoise"
"HECA","turquoise"
"VPS29","turquoise"
"ACSL5","turquoise"
"CAB39","turquoise"
"WBP11","turquoise"
"MSRB1","turquoise"
"CD244","turquoise"
"LUC7L3","turquoise"
"RAB8B","turquoise"
"ADA2","turquoise"
"UBASH3A","turquoise"
"MBD3","turquoise"
"PTOV1","turquoise"
"S1PR5","turquoise"
"FXYD5","turquoise"
"P2RY13","turquoise"
"C11orf24","turquoise"
"RAB24","turquoise"
"CYP4F29P","grey"
"POLE3","turquoise"
"CHRAC1","turquoise"
"TREM1","turquoise"
"GNG2","turquoise"
"DPM3","turquoise"
"TERF2IP","brown"
"SLC38A2","turquoise"
"YIPF1","turquoise"
"SASH3","turquoise"
"KCTD5","turquoise"
"PRR13","turquoise"
"MRPS21","turquoise"
"FBXW5","turquoise"
"RNF216","turquoise"
"CHPF2","turquoise"
"SMOX","blue"
"CPVL","turquoise"
"ADAMTSL4","turquoise"
"RHOF","turquoise"
"APBB1IP","turquoise"
"NDUFB11","turquoise"
"FAM193B","turquoise"
"DDIT4","turquoise"
"TOMM7","turquoise"
"GNL3L","turquoise"
"DDX56","turquoise"
"PAF1","turquoise"
"PARP14","turquoise"
"TBC1D13","turquoise"
"GTPBP2","turquoise"
"P4HTM","turquoise"
"TMED9","turquoise"
"MPHOSPH8","turquoise"
"XAF1","turquoise"
"PPP1R12C","turquoise"
"NSMCE4A","turquoise"
"BORCS6","turquoise"
"MED18","turquoise"
"SAMD9","turquoise"
"GATAD2A","turquoise"
"NDE1","turquoise"
"WBP1L","turquoise"
"SIDT1","turquoise"
"DEF8","turquoise"
"FBXL12","turquoise"
"TENT5C","blue"
"PGPEP1","turquoise"
"SNRK","turquoise"
"CC2D1A","turquoise"
"TOR4A","turquoise"
"GPATCH4","turquoise"
"TMEM214","turquoise"
"QRICH1","turquoise"
"ZCCHC2","turquoise"
"ANKHD1","turquoise"
"NSUN2","turquoise"
"LAX1","turquoise"
"CMTM6","turquoise"
"CHTF8","turquoise"
"LIME1","turquoise"
"UBE2R2","turquoise"
"CHCHD3","turquoise"
"HAUS4","turquoise"
"KANSL2","turquoise"
"DUSP23","turquoise"
"ADPRS","turquoise"
"SARS2","turquoise"
"OCIAD1","turquoise"
"LPCAT2","turquoise"
"MRPL16","turquoise"
"SDHAF2","turquoise"
"TMEM160","turquoise"
"C1orf56","turquoise"
"INTS11","turquoise"
"ADISSP","turquoise"
"SLC35F6","turquoise"
"CLN6","turquoise"
"HCFC1R1","turquoise"
"CZIB","turquoise"
"AURKAIP1","turquoise"
"TUG1","turquoise"
"LAMTOR1","turquoise"
"FAM174C","turquoise"
"PIH1D1","turquoise"
"MCUB","turquoise"
"MARCHF1","turquoise"
"PLEKHB2","turquoise"
"REX1BD","turquoise"
"MRPL20","turquoise"
"ATG16L1","turquoise"
"PDPR","turquoise"
"TMEM248","turquoise"
"RNF31","turquoise"
"TAPBPL","turquoise"
"ARGLU1","turquoise"
"SAMD4B","turquoise"
"DMAC2","turquoise"
"BSDC1","turquoise"
"PLEKHJ1","turquoise"
"XKR8","turquoise"
"ARHGAP17","turquoise"
"PRPF38B","turquoise"
"AKIRIN2","turquoise"
"ANKZF1","turquoise"
"SDAD1","turquoise"
"MRPS18A","turquoise"
"MRPS10","turquoise"
"RNF220","turquoise"
"NADSYN1","turquoise"
"RESF1","turquoise"
"MAP1S","turquoise"
"ARL8B","turquoise"
"SETD5","turquoise"
"NAT10","turquoise"
"PANK4","turquoise"
"MOB1A","turquoise"
"TRAPPC14","turquoise"
"ECHDC2","turquoise"
"IMP3","turquoise"
"TMEM140","turquoise"
"GIMAP4","turquoise"
"RSAD1","turquoise"
"ABCF3","turquoise"
"BLOC1S4","turquoise"
"SLC39A9","turquoise"
"SHFL","turquoise"
"GIMAP5","turquoise"
"LSG1","turquoise"
"ABHD10","turquoise"
"VNN3P","turquoise"
"HEMGN","blue"
"TMEM176A","turquoise"
"LRRC59","turquoise"
"SIRPG","turquoise"
"STRADB","blue"
"CSGALNACT2","turquoise"
"NOP10","turquoise"
"RBM38","blue"
"CDV3","turquoise"
"NAGK","turquoise"
"UBE2Q1","turquoise"
"MED29","turquoise"
"ITLN1","blue"
"TENT5A","turquoise"
"ANKRD10","turquoise"
"OTUB1","turquoise"
"DOCK10","turquoise"
"TRMT1","turquoise"
"ZDHHC7","turquoise"
"PNRC2","turquoise"
"BTBD2","turquoise"
"LYAR","turquoise"
"RAB20","turquoise"
"NHP2","turquoise"
"TMEM127","turquoise"
"ZNF692","turquoise"
"RNF126","turquoise"
"SCYL2","turquoise"
"KANSL3","turquoise"
"RABL6","turquoise"
"PACS1","turquoise"
"NSUN5","turquoise"
"RBM22","turquoise"
"MAP7D1","turquoise"
"YJU2","turquoise"
"NECAP2","turquoise"
"ASF1B","turquoise"
"ATF7IP","turquoise"
"DNAJC11","turquoise"
"VPS35","turquoise"
"ARFGAP1","turquoise"
"NAXD","turquoise"
"CNDP2","turquoise"
"CCAR1","turquoise"
"TMEM30A","turquoise"
"ZNF83","turquoise"
"LMBRD1","turquoise"
"MINDY1","turquoise"
"DCP1A","turquoise"
"RNF130","turquoise"
"VPS11","turquoise"
"PAG1","turquoise"
"SELENOS","turquoise"
"EAPP","turquoise"
"ARHGAP15","turquoise"
"BRK1","turquoise"
"USE1","turquoise"
"PSENEN","turquoise"
"ACTR10","turquoise"
"GSDMB","turquoise"
"WSB2","turquoise"
"ZNF395","turquoise"
"RNF114","turquoise"
"BIN3","turquoise"
"RCC2","turquoise"
"INKA2","turquoise"
"DMAP1","turquoise"
"ZMAT5","turquoise"
"LIN37","turquoise"
"SULF2","turquoise"
"NDUFA12","turquoise"
"RAB5IF","turquoise"
"SLC50A1","turquoise"
"MYDGF","turquoise"
"TMX4","turquoise"
"MEPCE","turquoise"
"KYAT3","turquoise"
"WDR45B","turquoise"
"LTB4R2","turquoise"
"CLDND1","turquoise"
"PANX2","turquoise"
"TMEM9B","turquoise"
"RETN","turquoise"
"SLC2A4RG","turquoise"
"ZC3HAV1","turquoise"
"EMC7","turquoise"
"CDC42SE1","turquoise"
"AGPAT3","turquoise"
"TMEM167B","turquoise"
"C15orf39","turquoise"
"STARD7","turquoise"
"MAP3K7CL","turquoise"
"EXOSC5","turquoise"
"NCLN","turquoise"
"GPR108","turquoise"
"SPPL2B","turquoise"
"HMCES","turquoise"
"SDR39U1","turquoise"
"XAB2","turquoise"
"C5orf15","turquoise"
"NT5M","turquoise"
"PARP6","turquoise"
"ATXN7L3","turquoise"
"PSMG2","turquoise"
"CDC42SE2","turquoise"
"TOMM22","turquoise"
"SLC12A9","turquoise"
"COQ9","turquoise"
"CCNL1","turquoise"
"CIAPIN1","turquoise"
"RSRP1","turquoise"
"PLSCR3","turquoise"
"DDX24","turquoise"
"AGTRAP","turquoise"
"PCNP","turquoise"
"PNPLA2","brown"
"REXO4","turquoise"
"LPAR5","turquoise"
"CD248","turquoise"
"CD177","grey"
"ATP13A1","turquoise"
"CHMP1B","turquoise"
"APMAP","turquoise"
"RNPEPL1","turquoise"
"RTN4","turquoise"
"SLC44A2","turquoise"
"PELI1","turquoise"
"ZNFX1","turquoise"
"CORO1B","turquoise"
"SELENON","turquoise"
"MCOLN1","blue"
"ATP8B2","turquoise"
"TTC7A","turquoise"
"ERGIC1","turquoise"
"PPP4R3B","turquoise"
"DANCR","turquoise"
"PBXIP1","turquoise"
"RCN3","turquoise"
"CLK4","turquoise"
"CYP20A1","turquoise"
"NMRAL1","turquoise"
"MIF4GD","turquoise"
"RHBDD2","turquoise"
"WDR18","turquoise"
"GATAD2B","turquoise"
"SCAF4","turquoise"
"LRRC47","turquoise"
"PRR12","turquoise"
"MAVS","turquoise"
"SERINC1","turquoise"
"RPTOR","turquoise"
"ELAPOR1","turquoise"
"ARRDC3","turquoise"
"ZNF319","turquoise"
"PREX1","turquoise"
"MRTFA","turquoise"
"PDZD4","turquoise"
"USP36","turquoise"
"LRFN1","turquoise"
"DHX37","turquoise"
"PHF12","turquoise"
"GRAMD1A","turquoise"
"ZBTB4","turquoise"
"PHRF1","turquoise"
"FBRSL1","turquoise"
"RNF213","turquoise"
"TNRC6C","turquoise"
"NCKAP5L","turquoise"
"GBA2","turquoise"
"NCOA5","turquoise"
"MARK4","turquoise"
"POLD4","turquoise"
"CCAR2","turquoise"
"LSM2","turquoise"
"SLAMF7","turquoise"
"RAP2C","turquoise"
"C6orf47","turquoise"
"CTDSP1","turquoise"
"CXCL16","turquoise"
"SQOR","turquoise"
"PLEKHB1","turquoise"
"MS4A7","turquoise"
"TRAPPC1","turquoise"
"ZBED5","turquoise"
"LY6G5B","turquoise"
"OSTC","turquoise"
"SCAF1","turquoise"
"SINHCAF","turquoise"
"RBM25","turquoise"
"ABRACL","turquoise"
"SNX6","turquoise"
"PGAP6","turquoise"
"TLNRD1","turquoise"
"SIGIRR","turquoise"
"PLEKHA2","turquoise"
"SCPEP1","turquoise"
"GPBP1L1","turquoise"
"TGIF2","turquoise"
"ELOVL5","turquoise"
"APOBEC3G","turquoise"
"ELAC2","turquoise"
"SPCS3","turquoise"
"RIC8A","turquoise"
"ATG101","turquoise"
"GAS5","turquoise"
"PROK2","turquoise"
"SMAP1","turquoise"
"RNF123","blue"
"UBE2O","blue"
"FAM111A","turquoise"
"MANBAL","turquoise"
"ELMO2","turquoise"
"ZNF335","turquoise"
"PCIF1","turquoise"
"GPSM3","turquoise"
"MYO1G","turquoise"
"GOLPH3","turquoise"
"PARVG","turquoise"
"RTP4","turquoise"
"MAGEF1","turquoise"
"TMBIM1","turquoise"
"VSIR","turquoise"
"NOD2","turquoise"
"IFIH1","turquoise"
"ERAP2","turquoise"
"DPEP2","turquoise"
"IRF2BPL","turquoise"
"MMS19","turquoise"
"SEMA4A","turquoise"
"TOR3A","turquoise"
"MS4A6A","turquoise"
"PDLIM2","turquoise"
"FBRS","turquoise"
"RNF25","turquoise"
"NFKBIZ","turquoise"
"ARHGAP9","turquoise"
"MMP25","turquoise"
"RGS18","turquoise"
"MTMR14","turquoise"
"ATG3","turquoise"
"INF2","turquoise"
"TTC31","turquoise"
"CIAO3","turquoise"
"ZDHHC6","turquoise"
"CLEC7A","turquoise"
"MOSPD3","turquoise"
"GIGYF1","turquoise"
"VPS16","turquoise"
"MFSD14A","turquoise"
"CSRNP1","turquoise"
"NUCKS1","turquoise"
"SMAP2","turquoise"
"METTL17","turquoise"
"MFSD1","turquoise"
"PLPPR2","turquoise"
"ATPAF1","turquoise"
"FHIP2B","turquoise"
"PARP12","turquoise"
"ENGASE","turquoise"
"PCED1A","turquoise"
"MICAL1","turquoise"
"CERK","turquoise"
"ELOVL1","turquoise"
"MARCHF7","turquoise"
"TUT1","turquoise"
"AIDA","turquoise"
"BCL11B","turquoise"
"CCDC71","turquoise"
"RASAL3","turquoise"
"MRPS26","turquoise"
"MRPS24","turquoise"
"MRPS15","turquoise"
"MRPS6","turquoise"
"MRPL41","turquoise"
"MRPL38","turquoise"
"MRPL36","turquoise"
"MRPL34","turquoise"
"MRPL32","turquoise"
"MRPL9","turquoise"
"CFLAR-AS1","turquoise"
"MRPL44","turquoise"
"NOL6","turquoise"
"KRI1","turquoise"
"MARCKSL1","turquoise"
"INTS3","turquoise"
"WNK1","brown"
"NADK","turquoise"
"UBE2Z","turquoise"
"DDRGK1","turquoise"
"MRPS34","turquoise"
"MZF1-AS1","turquoise"
"MRPL57","turquoise"
"PRR14","turquoise"
"CYREN","turquoise"
"VKORC1","turquoise"
"TRIR","turquoise"
"CUEDC2","turquoise"
"SCNM1","turquoise"
"SLX1B","turquoise"
"AHNAK","turquoise"
"ZNF655","turquoise"
"ERI3","turquoise"
"INTS15","turquoise"
"KXD1","turquoise"
"PVRIG","turquoise"
"TSEN34","turquoise"
"NOC4L","turquoise"
"TMEM223","turquoise"
"ATG9A","brown"
"TMEM109","turquoise"
"DCTPP1","turquoise"
"LBHD1","turquoise"
"WDR77","turquoise"
"SMIM7","turquoise"
"TRAPPC6A","turquoise"
"BBLN","turquoise"
"RNF26","turquoise"
"DHX58","turquoise"
"DERL1","turquoise"
"PHF23","turquoise"
"MBOAT7","turquoise"
"PPDPF","turquoise"
"GDPD3","turquoise"
"TNIP2","turquoise"
"PLEKHF1","turquoise"
"NOL12","turquoise"
"TMEM243","turquoise"
"LILRA6","turquoise"
"C1orf35","turquoise"
"FBXL15","turquoise"
"EFHD2","turquoise"
"CYBC1","turquoise"
"PAGR1","turquoise"
"RIPOR1","turquoise"
"ABHD8","turquoise"
"SLC52A2","turquoise"
"CORO7","turquoise"
"CARS2","turquoise"
"MRPL24","turquoise"
"CERS4","turquoise"
"FAM118B","turquoise"
"TNFAIP8L2","turquoise"
"OGFRL1","turquoise"
"OCEL1","turquoise"
"CHMP6","turquoise"
"USB1","turquoise"
"RHBDF2","turquoise"
"TMEM204","turquoise"
"PPP1R3B","turquoise"
"PLEKHF2","turquoise"
"PARP8","turquoise"
"FN3KRP","turquoise"
"STEAP4","turquoise"
"GAL3ST4","turquoise"
"COLGALT1","turquoise"
"IPO4","turquoise"
"IGFLR1","turquoise"
"NPEPL1","turquoise"
"KCTD17","turquoise"
"GEMIN7","turquoise"
"ISOC2","turquoise"
"KATNBL1","turquoise"
"TXNDC15","turquoise"
"GSDMD","turquoise"
"HPS6","turquoise"
"RNF122","turquoise"
"SNX22","turquoise"
"PLBD1","turquoise"
"LPCAT1","turquoise"
"RIN3","turquoise"
"MCMBP","turquoise"
"ZNF672","turquoise"
"RPP21","turquoise"
"PRR5L","turquoise"
"NAA60","turquoise"
"DOK3","turquoise"
"KIAA0319L","turquoise"
"COQ8B","turquoise"
"DHDDS","turquoise"
"DENND1C","turquoise"
"DENND2D","turquoise"
"ZNF767P","turquoise"
"WLS","turquoise"
"ESRP2","turquoise"
"MYO15B","turquoise"
"SLC8B1","turquoise"
"PANK2","turquoise"
"PTGES2","turquoise"
"THOC7","turquoise"
"ZC3H12A","turquoise"
"CENPT","turquoise"
"PGGHG","turquoise"
"CTC1","turquoise"
"TTI2","turquoise"
"RNF34","turquoise"
"MUS81","turquoise"
"FBXO11","turquoise"
"SPG11","turquoise"
"PROSER1","turquoise"
"CCDC92","turquoise"
"ALPK1","turquoise"
"ORAI2","turquoise"
"TASL","turquoise"
"WDR26","brown"
"ATOSB","brown"
"CDK5RAP3","turquoise"
"PLEKHO2","turquoise"
"TRABD","turquoise"
"MED28","turquoise"
"ABTB1","turquoise"
"DNAJC5","turquoise"
"WDR82","turquoise"
"TRAF3IP3","turquoise"
"REEP4","turquoise"
"COASY","turquoise"
"AKNA","turquoise"
"PBX4","turquoise"
"TTYH3","turquoise"
"NDFIP1","turquoise"
"THAP7","turquoise"
"LIMD2","turquoise"
"COL18A1","turquoise"
"CMIP","turquoise"
"ZFP91","turquoise"
"APOL6","turquoise"
"APOL3","turquoise"
"TUBB1","turquoise"
"ZBP1","turquoise"
"CLPTM1L","turquoise"
"HM13","turquoise"
"SLC38A1","turquoise"
"VOPP1","turquoise"
"CYRIA","turquoise"
"INTS14","turquoise"
"FAM117A","brown"
"TRIM11","turquoise"
"TXNDC5","turquoise"
"YJU2B","turquoise"
"TRIM8","turquoise"
"URM1","turquoise"
"LBH","turquoise"
"ITM2C","turquoise"
"TSPAN14","turquoise"
"UNC93B1","turquoise"
"TSC22D4","turquoise"
"MAP1LC3B","brown"
"CCNL2","turquoise"
"VMP1","turquoise"
"C6orf62","turquoise"
"DOCK8","turquoise"
"NUAK2","turquoise"
"SLCO5A1","grey"
"TRIM56","turquoise"
"TMEM14B","turquoise"
"SFXN3","turquoise"
"ISG20L2","turquoise"
"RAB1B","turquoise"
"QTRT1","turquoise"
"SLIRP","turquoise"
"SLC25A28","turquoise"
"ABHD17A","turquoise"
"HDHD3","turquoise"
"ADPGK","turquoise"
"SF3B5","turquoise"
"PLVAP","grey"
"FAM110A","turquoise"
"UCK1","turquoise"
"TMUB1","turquoise"
"RASSF5","turquoise"
"BCL2L12","turquoise"
"CCM2","turquoise"
"ZMIZ2","turquoise"
"C11orf68","turquoise"
"FAM107B","turquoise"
"SELENOO","turquoise"
"PARP9","turquoise"
"RHNO1","turquoise"
"FERMT3","turquoise"
"TRPT1","turquoise"
"CRISPLD2","turquoise"
"RBM4B","turquoise"
"KLF16","turquoise"
"TAF3","turquoise"
"TMEM120A","turquoise"
"TBC1D10A","turquoise"
"FGFBP2","turquoise"
"KCTD10","turquoise"
"STK40","turquoise"
"HDAC10","turquoise"
"RASSF4","turquoise"
"EIF2A","turquoise"
"TATDN1","turquoise"
"TM2D1","turquoise"
"IFI27L2","turquoise"
"SPNS1","turquoise"
"MAGT1","turquoise"
"TMEM222","turquoise"
"FHIP1B","turquoise"
"PRAM1","turquoise"
"SLC7A6OS","turquoise"
"KAT8","turquoise"
"RNASEH2C","turquoise"
"ASCC2","blue"
"NLRC5","turquoise"
"SLA2","turquoise"
"FAR1","turquoise"
"LRRC8C","turquoise"
"TRAF7","turquoise"
"ZDHHC18","turquoise"
"FLYWCH1","turquoise"
"POLR3GL","turquoise"
"ALKBH7","turquoise"
"POLDIP3","turquoise"
"YIPF4","turquoise"
"NOA1","turquoise"
"COQ5","blue"
"PRADC1","turquoise"
"EIF1AD","turquoise"
"TMEM175","turquoise"
"MIEN1","turquoise"
"NUDT22","turquoise"
"PYM1","turquoise"
"NUDT16L1","turquoise"
"MRPL45","turquoise"
"VPS25","turquoise"
"NAA38","turquoise"
"CCDC115","turquoise"
"THOC3","turquoise"
"SARNP","turquoise"
"METTL26","turquoise"
"HVCN1","turquoise"
"ZNF414","turquoise"
"MCRIP2","turquoise"
"COG8","turquoise"
"ARFGAP2","turquoise"
"NIFK","turquoise"
"CARD11","turquoise"
"RAB11FIP4","turquoise"
"SYVN1","turquoise"
"ZNF512","turquoise"
"GHDC","turquoise"
"JAGN1","turquoise"
"HOPX","turquoise"
"MAP1LC3A","turquoise"
"GNPTG","turquoise"
"ZGPAT","turquoise"
"NTNG2","turquoise"
"TNRC18","turquoise"
"GPR174","turquoise"
"MFSD14B","turquoise"
"DGAT2","turquoise"
"EBPL","turquoise"
"ADGRE3","turquoise"
"ACCS","turquoise"
"HINT2","turquoise"
"PPP1R9B","turquoise"
"HDGFL2","turquoise"
"PRRC2B","turquoise"
"SPSB2","turquoise"
"PCGF1","turquoise"
"DDX11L2","turquoise"
"TUBA1C","turquoise"
"NFKBID","turquoise"
"BUD13","turquoise"
"ABHD14B","turquoise"
"PHF5A","turquoise"
"ATP1A1-AS1","turquoise"
"CCDC142","turquoise"
"HAVCR2","turquoise"
"PARP10","turquoise"
"ORAI1","turquoise"
"ZBTB45","turquoise"
"ZDHHC12","turquoise"
"MIGA2","turquoise"
"TBRG1","turquoise"
"NFATC2IP","turquoise"
"SPRYD3","turquoise"
"HSH2D","turquoise"
"WDR73","turquoise"
"SYTL1","turquoise"
"ALKBH6","turquoise"
"LSM10","turquoise"
"ATG4D","turquoise"
"CEP19","turquoise"
"COX14","turquoise"
"PHYKPL","turquoise"
"TMEM141","turquoise"
"REPS1","turquoise"
"TMEM60","turquoise"
"ARRDC1-AS1","turquoise"
"PAQR8","turquoise"
"DGCR6L","turquoise"
"TRIM5","turquoise"
"ZCCHC3","turquoise"
"ALG2","turquoise"
"STRIP1","turquoise"
"TUBGCP6","turquoise"
"SNORD14D","turquoise"
"DNAJC14","turquoise"
"HELZ2","turquoise"
"ITPRIP","turquoise"
"SSH2","turquoise"
"ANKRD13A","turquoise"
"RRP36","turquoise"
"TRIM4","turquoise"
"SIGLEC10","turquoise"
"FGD3","turquoise"
"FCHSD1","turquoise"
"ATG16L2","turquoise"
"RHOT2","turquoise"
"MIDN","turquoise"
"TMEM250","turquoise"
"BTBD6","turquoise"
"SYS1","turquoise"
"KIAA2013","turquoise"
"TP53I13","turquoise"
"CCDC97","turquoise"
"CTU1","turquoise"
"SAMD1","turquoise"
"DCAF15","turquoise"
"SCRN2","turquoise"
"YIF1B","turquoise"
"COX19","turquoise"
"PPP1R3E","turquoise"
"SEC11C","turquoise"
"PYGO2","turquoise"
"PIP4P1","turquoise"
"JPT2","turquoise"
"TRIM41","turquoise"
"ADCK2","turquoise"
"KIFC2","turquoise"
"CERS5","turquoise"
"DPP9","turquoise"
"AP5B1","turquoise"
"SLC39A13","turquoise"
"LMF2","turquoise"
"TMEM259","turquoise"
"GUSBP11","turquoise"
"DDX60L","turquoise"
"ANKRD40","turquoise"
"PCED1B","turquoise"
"ANKRD44","turquoise"
"RSAD2","turquoise"
"UBXN11","turquoise"
"RPS19BP1","turquoise"
"CHURC1","turquoise"
"NLRP12","turquoise"
"MYADM","turquoise"
"SMDT1","turquoise"
"MIDEAS","turquoise"
"CHMP7","turquoise"
"NDUFAF2","turquoise"
"TPGS1","turquoise"
"MTDH","turquoise"
"RCSD1","turquoise"
"LINC01278","turquoise"
"TMEM129","turquoise"
"STRADA","turquoise"
"PRR29","turquoise"
"G6PC3","turquoise"
"ZNF764","turquoise"
"ARRDC1","turquoise"
"SHKBP1","turquoise"
"ZNF276","turquoise"
"IMP4","turquoise"
"NAPRT","turquoise"
"ORAI3","turquoise"
"OLFM2","turquoise"
"MVB12A","turquoise"
"SP140L","turquoise"
"MAPK1IP1L","turquoise"
"FBXO44","turquoise"
"TJAP1","turquoise"
"ATP5IF1","turquoise"
"PIGS","turquoise"
"TTYH2","turquoise"
"ZNF101","turquoise"
"LENG9","turquoise"
"SFXN1","turquoise"
"TMEM203","turquoise"
"SYTL3","turquoise"
"H2AZ2","turquoise"
"EPSTI1","turquoise"
"TP53INP1","turquoise"
"MYL12B","turquoise"
"EGLN2","turquoise"
"SAT2","turquoise"
"GTF3C6","turquoise"
"CMTM7","turquoise"
"GLMP","turquoise"
"TP53RK","turquoise"
"SGF29","turquoise"
"VPS26B","turquoise"
"RPUSD1","turquoise"
"SCAMP4","turquoise"
"ADAT3","turquoise"
"C12orf57","turquoise"
"TMEM106A","turquoise"
"SFT2D1","turquoise"
"TEX261","turquoise"
"PIK3IP1","turquoise"
"SLC35A4","turquoise"
"DTX2","turquoise"
"MBD6","turquoise"
"LENG8","turquoise"
"SLAMF6","turquoise"
"OSBPL5","turquoise"
"TMEM123","turquoise"
"MRFAP1L1","turquoise"
"KCTD12","turquoise"
"GPR146","blue"
"FCRL1","turquoise"
"FCRL3","turquoise"
"GBP4","turquoise"
"GBP5","turquoise"
"TNFRSF13C","turquoise"
"RASGRP4","turquoise"
"TSR3","turquoise"
"RNF166","turquoise"
"DNTTIP1","turquoise"
"KLHDC3","turquoise"
"FAM210B","blue"
"COX20","turquoise"
"ABHD15","turquoise"
"RBP7","turquoise"
"OLIG1","turquoise"
"NIBAN1","turquoise"
"MRPL53","turquoise"
"MRPL54","turquoise"
"LRG1","turquoise"
"ACAP3","turquoise"
"ARAP1","turquoise"
"AGAP2","turquoise"
"TAGAP","turquoise"
"UBE2J2","turquoise"
"ZNF511","turquoise"
"CHCHD1","turquoise"
"PIK3AP1","turquoise"
"ZFYVE27","turquoise"
"COMTD1","turquoise"
"ANAPC16","turquoise"
"JAML","turquoise"
"LRRK2","turquoise"
"SLC15A4","turquoise"
"PLD4","turquoise"
"TC2N","turquoise"
"DEGS2","turquoise"
"CMTM3","turquoise"
"ZC3H18","turquoise"
"UBALD1","turquoise"
"TMEM219","turquoise"
"SNX20","turquoise"
"SLC38A10","turquoise"
"CANT1","turquoise"
"CD300LB","turquoise"
"OVCA2","turquoise"
"SLC43A2","turquoise"
"C17orf49","turquoise"
"MRPL10","turquoise"
"RN7SK","grey"
"SNHG29","turquoise"
"CLDND2","turquoise"
"RAVER1","turquoise"
"MICOS13","turquoise"
"OSCAR","turquoise"
"SWSAP1","turquoise"
"CCDC159","turquoise"
"ALDH16A1","turquoise"
"TMIGD2","turquoise"
"TNFAIP8L1","turquoise"
"MOB3A","turquoise"
"MFSD12","turquoise"
"NDUFA11","turquoise"
"LRRC25","turquoise"
"RINL","turquoise"
"B3GALT6","turquoise"
"TPRG1L","turquoise"
"C1orf122","turquoise"
"ARL8A","turquoise"
"UHMK1","turquoise"
"LIX1L","turquoise"
"NAXE","turquoise"
"DRAM2","turquoise"
"C1orf162","turquoise"
"TRABD2A","turquoise"
"ZNF513","turquoise"
"GALM","turquoise"
"ZFAND2B","turquoise"
"SLC66A3","turquoise"
"PPM1M","turquoise"
"OCIAD2","turquoise"
"EMB","turquoise"
"C5orf58","turquoise"
"MTPN","turquoise"
"LYPD2","turquoise"
"TMEM71","turquoise"
"NACC2","turquoise"
"GAB3","turquoise"
"DOCK11","turquoise"
"ASB8","turquoise"
"APOBEC3D","turquoise"
"SELENOM","turquoise"
"NOL4L","turquoise"
"TLDC2","turquoise"
"ROMO1","turquoise"
"SIRPA","turquoise"
"MIB2","turquoise"
"SESN3","brown"
"TMEM120B","turquoise"
"HAPLN3","turquoise"
"CARMIL2","turquoise"
"CMTM2","turquoise"
"ZNF688","turquoise"
"TEPSIN","turquoise"
"CD300LF","turquoise"
"TMC8","turquoise"
"WIPF2","turquoise"
"ILF3-DT","turquoise"
"ZNF524","turquoise"
"FAM98C","turquoise"
"CAPN12","turquoise"
"TICAM1","turquoise"
"C19orf25","turquoise"
"C1orf74","turquoise"
"BROX","turquoise"
"MOB3C","turquoise"
"ZNF362","turquoise"
"SHISA4","grey"
"PYHIN1","turquoise"
"COMMD7","turquoise"
"YDJC","turquoise"
"DUSP18","turquoise"
"NFAM1","turquoise"
"COPS9","turquoise"
"SMPD4BP","turquoise"
"GPBAR1","turquoise"
"GPR155","turquoise"
"DTX3L","turquoise"
"RNF38","turquoise"
"GLIPR2","turquoise"
"PPM1K","turquoise"
"RNF145","turquoise"
"SAMD3","turquoise"
"KCTD7","turquoise"
"GIMAP8","turquoise"
"ATP6V0E2","turquoise"
"NSUN5P1","turquoise"
"TTC16","turquoise"
"MOSPD2","turquoise"
"CLEC12A","turquoise"
"TMEM229B","turquoise"
"REM2","turquoise"
"NOP9","turquoise"
"SLFN5","turquoise"
"RETREG3","turquoise"
"ZNF296","turquoise"
"CITED4","turquoise"
"OXER1","turquoise"
"PARP15","turquoise"
"CHST13","turquoise"
"GIMAP7","turquoise"
"FUT11","turquoise"
"PWWP2B","turquoise"
"SSBP4","turquoise"
"GIMAP1","turquoise"
"COMMD6","turquoise"
"PPP1R18","turquoise"
"ZNF384","turquoise"
"PGAM5","turquoise"
"HIGD2A","turquoise"
"MPZL3","turquoise"
"RILPL2","turquoise"
"DTX3","turquoise"
"PLBD2","turquoise"
"PATL2","turquoise"
"MLKL","turquoise"
"NLRC3","turquoise"
"NSMCE1","turquoise"
"ZNF48","turquoise"
"U2AF1L4","turquoise"
"TXLNA","turquoise"
"KRTCAP2","turquoise"
"CRTC2","turquoise"
"LINC00528","turquoise"
"APOBEC3A","turquoise"
"ARHGAP27","turquoise"
"SLC16A13","turquoise"
"CENPX","turquoise"
"UNC13D","turquoise"
"STT3B","turquoise"
"TMEM154","turquoise"
"GAPT","turquoise"
"TUBB","turquoise"
"C9orf72","turquoise"
"CCDC107","turquoise"
"SUSD3","turquoise"
"SAMD9L","turquoise"
"MED19","turquoise"
"SLC37A2","turquoise"
"MPEG1","turquoise"
"PATL1","turquoise"
"OAF","turquoise"
"TIGD3","turquoise"
"MARCHF8","blue"
"SPATA13","turquoise"
"CPNE2","turquoise"
"ADGRG5","turquoise"
"FGD2","turquoise"
"C6orf89","turquoise"
"SMIM29","turquoise"
"C6orf136","turquoise"
"BRAT1","turquoise"
"DAGLB","turquoise"
"CCZ1B","turquoise"
"TMED4","turquoise"
"RSBN1L","turquoise"
"ADGRG3","turquoise"
"CNPY4","turquoise"
"POLR2J2","turquoise"
"HCG27","turquoise"
"CUTALP","turquoise"
"ZDHHC20","turquoise"
"YTHDF3","turquoise"
"KCTD13","turquoise"
"EHBP1L1","turquoise"
"SNX32","turquoise"
"SLC41A1","turquoise"
"LPCAT4","turquoise"
"TMEM256","turquoise"
"TMEM86B","blue"
"TCP11L2","turquoise"
"RNF144B","turquoise"
"INAFM1","turquoise"
"C19orf38","turquoise"
"CNEP1R1","turquoise"
"NAPSB","turquoise"
"EML3","turquoise"
"LYSMD2","turquoise"
"SERINC5","turquoise"
"ZNF683","turquoise"
"ARHGAP30","turquoise"
"NCR3","turquoise"
"NSUN5P2","turquoise"
"PRSS33","turquoise"
"RGL4","turquoise"
"SELENOH","turquoise"
"POC1B","brown"
"SLC25A45","turquoise"
"NEAT1","turquoise"
"BCL9L","turquoise"
"TMEM80","turquoise"
"CCDC88B","turquoise"
"TTC9C","turquoise"
"ZNF740","turquoise"
"RASSF3","turquoise"
"ANKRD52","turquoise"
"GATC","turquoise"
"CHAMP1","turquoise"
"LINC00926","turquoise"
"BRICD5","turquoise"
"LINC00921","turquoise"
"C16orf54","turquoise"
"INO80E","turquoise"
"TSEN54","turquoise"
"HEXD","turquoise"
"KANSL1","turquoise"
"CISD3","turquoise"
"TMEM102","turquoise"
"NDUFAF8","turquoise"
"METRNL","turquoise"
"EMC10","turquoise"
"SIGLEC17P","turquoise"
"VSTM1","turquoise"
"SLC25A42","turquoise"
"THEM5","blue"
"CYB561D1","turquoise"
"C3orf38","turquoise"
"RPL7L1","turquoise"
"LINC00174","turquoise"
"SNHG15","turquoise"
"FAM78A","turquoise"
"P2RY8","turquoise"
"DDX51","turquoise"
"RAB37","turquoise"
"SNAI3","turquoise"
"ANO9","turquoise"
"HCAR2","turquoise"
"CENATAC","turquoise"
"ANKRD13D","turquoise"
"LINC01089","turquoise"
"RAB43","turquoise"
"JMJD8","turquoise"
"ASB16-AS1","turquoise"
"OXLD1","turquoise"
"MSL1","turquoise"
"ARMH1","turquoise"
"STING1","turquoise"
"CD300E","turquoise"
"OR2W3","blue"
"FCRL6","turquoise"
"TUBB2B","grey"
"SLC35B2","turquoise"
"SERINC2","grey"
"GATD1","turquoise"
"MCRIP1","turquoise"
"LILRA5","turquoise"
"RFLNB","turquoise"
"IRF2BP2","turquoise"
"GSTK1","turquoise"
"DND1","turquoise"
"NDUFS7","turquoise"
"TMEM179B","turquoise"
"TBC1D10C","turquoise"
"ZNF710","turquoise"
"PEAK3","turquoise"
"TMEM205","turquoise"
"RBM43","turquoise"
"CERKL","turquoise"
"NRROS","turquoise"
"WASH5P","turquoise"
"TRIM74","turquoise"
"RN7SL2","grey"
"RN7SL3","grey"
"PSMA3-AS1","turquoise"
"PEDS1-UBE2V1","brown"
"SBK1","turquoise"
"SCIMP","turquoise"
"CLEC17A","turquoise"
"BLOC1S3","turquoise"
"TMEM238","turquoise"
"SMIM1","blue"
"LINC01138","turquoise"
"LYSMD1","turquoise"
"SMIM26","turquoise"
"BOLA3","turquoise"
"C2orf68","turquoise"
"ANXA2R","turquoise"
"LAMTOR4","turquoise"
"LINC00937","turquoise"
"PAGE2B","blue"
"PTRHD1","turquoise"
"TMEM200B","blue"
"EEIG1","turquoise"
"PCNX3","turquoise"
"CHCHD10","turquoise"
"NICOL1","turquoise"
"C4orf3","turquoise"
"TOMM5","turquoise"
"ANKHD1-EIF4EBP3","turquoise"
"MIRLET7D","turquoise"
"MIR106B","turquoise"
"MIR142","turquoise"
"MIR155","grey"
"MIR186","turquoise"
"MIR21","turquoise"
"MIR22","turquoise"
"MIR223","turquoise"
"MIR23A","turquoise"
"MIR25","turquoise"
"MIR27A","turquoise"
"MIR29B2","turquoise"
"MIR29C","turquoise"
"MIR7-1","turquoise"
"TNFSF12-TNFSF13","turquoise"
"CCL3L3","turquoise"
"C10orf105","turquoise"
"HCG25","turquoise"
"PIM3","turquoise"
"PRKCQ-AS1","turquoise"
"IFIT1B","blue"
"CCDC88C","turquoise"
"GOLGA8B","turquoise"
"NPIPB4","turquoise"
"NPIPB12","turquoise"
"RNASEK","turquoise"
"PLIN5","turquoise"
"MIAT","turquoise"
"CIMAP1B","turquoise"
"C6orf226","turquoise"
"CALHM6","turquoise"
"RNF216P1","turquoise"
"SPDYE2","turquoise"
"ZFAS1","turquoise"
"MIR324","turquoise"
"MIR342","turquoise"
"MIR371A","turquoise"
"MIR372","turquoise"
"MIR373","turquoise"
"SULT1A4","turquoise"
"TRGC1","turquoise"
"TARP","turquoise"
"GIMAP6","turquoise"
"F8A2","turquoise"
"F8A3","turquoise"
"COA5","turquoise"
"SLX1A","turquoise"
"POLR2J3","turquoise"
"ATXN7L3B","turquoise"
"DNAJC25-GNG10","turquoise"
"BOLA2B","turquoise"
"BOLA2","turquoise"
"SNORA10","turquoise"
"SNORD101","turquoise"
"SNORA33","turquoise"
"SNORD18C","turquoise"
"NPIPB13","turquoise"
"SCARNA9","turquoise"
"SNORA7A","turquoise"
"SNORD95","turquoise"
"SNORD96A","turquoise"
"TMEM91","turquoise"
"FLVCR1-DT","turquoise"
"MAP1LC3B2","turquoise"
"CASP4LP","turquoise"
"SDHAF1","turquoise"
"LINGO3","turquoise"
"ARRDC5","turquoise"
"NORAD","turquoise"
"NCF1","turquoise"
"WASH7P","turquoise"
"NME1-NME2","turquoise"
"NCF1B","turquoise"
"NCF1C","turquoise"
"SCARNA21","turquoise"
"SCARNA2","grey"
"SNORA7B","turquoise"
"SNORA9","turquoise"
"SNORA18","turquoise"
"SNORA31","turquoise"
"SNORA44","turquoise"
"SNORA77","turquoise"
"CD27-AS1","turquoise"
"SNORD12","turquoise"
"SNORA32","turquoise"
"SNORD5","turquoise"
"SNORD62B","turquoise"
"SNORD84","turquoise"
"SNORD89","turquoise"
"SNORD110","grey"
"PPAN-P2RY11","turquoise"
"MIR421","turquoise"
"MIR548D2","turquoise"
"MIR555","turquoise"
"MIR570","turquoise"
"MIR590","turquoise"
"MIR611","turquoise"
"MIR632","turquoise"
"MIR635","turquoise"
"MIR636","turquoise"
"MIR637","turquoise"
"MIR639","turquoise"
"MIR645","turquoise"
"MIR647","turquoise"
"MIR650","turquoise"
"MIR659","turquoise"
"NUTM2A-AS1","brown"
"PI4KAP1","turquoise"
"DEFA1B","grey"
"CDK11A","turquoise"
"SLC35E2B","turquoise"
"EIF3CL","turquoise"
"NPIPB11","turquoise"
"OIP5-AS1","turquoise"
"CCR2","turquoise"
"LINC00847","turquoise"
"DDTL","turquoise"
"SIGLEC14","turquoise"
"POM121C","turquoise"
"SNORD125","turquoise"
"MIR943","turquoise"
"MIR937","turquoise"
"MIR939","turquoise"
"GHRLOS","turquoise"
"FAM229A","turquoise"
"TEKTIP1","turquoise"
"LINC00861","turquoise"
"CD300H","turquoise"
"TSTD1","turquoise"
"PET100","turquoise"
"NPIPB5","turquoise"
"CD24","turquoise"
"UXT-AS1","turquoise"
"KDM7A-DT","blue"
"UPK3BL1","turquoise"
"TOMM6","turquoise"
"PCED1B-AS1","turquoise"
"RASA4B","turquoise"
"LINC00173","turquoise"
"DDX11L5","turquoise"
"WASH8P","turquoise"
"ADAMTSL4-AS2","turquoise"
"CHD1-DT","turquoise"
"MIR1184-1","turquoise"
"MIR1914","turquoise"
"MIR1292","turquoise"
"MIR1249","turquoise"
"MIR1279","turquoise"
"MIR1909","turquoise"
"MIR1203","turquoise"
"MIR1181","turquoise"
"MIR2110","turquoise"
"MIR1250","turquoise"
"MIR1244-1","turquoise"
"SPDYE2B","turquoise"
"MIR762","turquoise"
"MIR2277","turquoise"
"MIR761","turquoise"
"SAP25","turquoise"
"MIR1244-3","turquoise"
"MIR1244-2","turquoise"
"MIR2861","turquoise"
"MIR4271","turquoise"
"MIR4315-2","turquoise"
"MIR1184-3","turquoise"
"MIR4324","turquoise"
"MIR1184-2","turquoise"
"MIR3155A","turquoise"
"MIR1260B","turquoise"
"MIR4257","turquoise"
"MIR4298","turquoise"
"MIR3198-1","turquoise"
"MIR3176","turquoise"
"IGLL5","turquoise"
"MIR3654","turquoise"
"MIR3917","grey"
"MIR3677","turquoise"
"MIR3655","turquoise"
"MIR3614","turquoise"
"MIR3652","turquoise"
"MIR3615","turquoise"
"MIR3916","turquoise"
"MIR3918","turquoise"
"MIR3605","turquoise"
"MIR3671","turquoise"
"MIR3940","turquoise"
"MIR548AA2","turquoise"
"MIR3661","turquoise"
"MIR3613","turquoise"
"INAFM2","turquoise"
"FGD5-AS1","turquoise"
"ITGB2-AS1","turquoise"
"C10orf95-AS1","turquoise"
"MHENCR","turquoise"
"CARD8-AS1","turquoise"
"ARAP1-AS2","turquoise"
"LINC01503","turquoise"
"TMEM35B","turquoise"
"ARSD-AS1","turquoise"
"EBLN3P","turquoise"
"TRG-AS1","turquoise"
"TSPOAP1-AS1","turquoise"
"CHRM3-AS2","turquoise"
"SNHG16","turquoise"
"ZNF865","turquoise"
"VIM-AS1","turquoise"
"PSMB8-AS1","turquoise"
"FAM131B-AS2","turquoise"
"PGLS-DT","turquoise"
"RAB11B-AS1","brown"
"LINC02432","turquoise"
"ARPC4-TTLL3","turquoise"
"RBM14-RBM4","turquoise"
"SMIM35","turquoise"
"SLX1A-SULT1A3","turquoise"
"SLX1B-SULT1A4","turquoise"
"RPL17-C18orf32","turquoise"
"TGIF2-RAB5IF","turquoise"
"GIMAP1-GIMAP5","turquoise"
"NEDD8-MDP1","turquoise"
"BCL2L2-PABPN1","turquoise"
"RPL36A-HNRNPH2","turquoise"
"CORO7-PAM16","turquoise"
"RPS10-NUDT3","turquoise"
"CKLF-CMTM1","turquoise"
"URGCP-MRPS24","turquoise"
"ISY1-RAB43","turquoise"
"MIR4680","turquoise"
"MIR4507","turquoise"
"MIR4763","turquoise"
"MIR4534","grey"
"MIR4480","grey"
"MIR4420","grey"
"MIR4477A","turquoise"
"MIR371B","turquoise"
"MIR4477B","turquoise"
"MIR4709","turquoise"
"MIR4724","turquoise"
"MIR4721","turquoise"
"MIR378I","turquoise"
"MIR4538","turquoise"
"MIR4489","turquoise"
"MIR4665","turquoise"
"MIR4750","turquoise"
"MIR4481","grey"
"MIR4700","turquoise"
"MIR4426","turquoise"
"MIR4451","turquoise"
"MIR4800","turquoise"
"MIR4785","turquoise"
"MIR4467","turquoise"
"MIR4539","turquoise"
"MIR4784","turquoise"
"MIR3064","turquoise"
"MIR4657","turquoise"
"MIR4444-1","turquoise"
"MIR4712","turquoise"
"MIR3198-2","turquoise"
"MIR4691","turquoise"
"MIR4518","turquoise"
"MIR5047","turquoise"
"MIR4744","turquoise"
"MIR4537","turquoise"
"MIR4707","turquoise"
"MIR4632","grey"
"MIR4658","turquoise"
"MIR4687","turquoise"
"MIR4442","turquoise"
"MIR4635","turquoise"
"MIR4517","turquoise"
"MIR3155B","turquoise"
"PYCARD-AS1","turquoise"
"RBM5-AS1","turquoise"
"MIR4444-2","turquoise"
"MIR5695","turquoise"
"MIR5587","grey"
"MIR548AR","turquoise"
"MIR5690","turquoise"
"MIR5194","turquoise"
"MIR5195","turquoise"
"MIR5196","turquoise"
"MIR5090","turquoise"
"MIR5193","turquoise"
"MIR5187","grey"
"HLX-AS1","turquoise"
"SZT2-AS1","turquoise"
"NUCB1-AS1","brown"
"LINC00853","grey"
"CCDC200","turquoise"
"APOBEC3B-AS1","turquoise"
"LINC02273","turquoise"
"LINC02067","turquoise"
"ANKRD44-IT1","turquoise"
"PPP1R35-AS1","turquoise"
"MIR762HG","turquoise"
"LINC01215","turquoise"
"RNVU1-3","turquoise"
"RNVU1-19","turquoise"
"C11orf98","turquoise"
"MIR6080","turquoise"
"MIR6084","blue"
"MIR6125","turquoise"
"MIR6126","turquoise"
"MIR6501","turquoise"
"MIR6502","turquoise"
"MIR6506","turquoise"
"MIR6513","turquoise"
"MIR6514","turquoise"
"MIR6717","turquoise"
"MIR6511B1","turquoise"
"MIR6727","turquoise"
"MIR6731","turquoise"
"MIR6748","turquoise"
"MIR6751","turquoise"
"MIR6758","turquoise"
"MIR6787","turquoise"
"MIR6797","grey"
"MIR6802","turquoise"
"MIR6805","grey"
"MIR6815","turquoise"
"MIR6820","turquoise"
"MIR6821","turquoise"
"MIR6838","turquoise"
"MIR6843","turquoise"
"MIR6848","turquoise"
"MIR6852","turquoise"
"MIR6861","turquoise"
"MIR6891","grey"
"MIR7109","turquoise"
"MIR7111","turquoise"
"MIR7113","turquoise"
"MIR7703","turquoise"
"MIR7846","turquoise"
"MIR7855","blue"
"MIR8071-1","grey"
"MIR8085","turquoise"
"MIR6859-2","turquoise"
"MIR7847","turquoise"
"MIR6773","turquoise"
"MIR1273H","turquoise"
"MIR6734","turquoise"
"MIR6774","turquoise"
"MIR6789","turquoise"
"MIR6793","turquoise"
"MIR6813","turquoise"
"MIR6840","turquoise"
"MIR6859-1","turquoise"
"MIR7705","turquoise"
"MIR7848","turquoise"
"MIR8072","turquoise"
"MIR8071-2","turquoise"
"MIR6124","grey"
"SRI-AS1","turquoise"
"AP1G2-AS1","turquoise"
"ABALON","blue"
"LINC01145","turquoise"
"MIR1244-4","turquoise"
"MIR6859-4","turquoise"
"RNU6-2","grey"
"MYL12-AS1","turquoise"
"BISPR","turquoise"
"DDN-AS1","turquoise"
"MAP4K1-AS1","turquoise"
"STAT4-AS1","turquoise"
"NOP53-AS1","turquoise"
"HLA-DQB1-AS1","turquoise"
"RNA5-8SN1","grey"
"UPK3BL2","turquoise"
"NCF4-AS1","turquoise"
"TALAM1","turquoise"
"ARHGAP27P1-BPTFP1-KPNA2P3","turquoise"
"SNORA1B","turquoise"
"ZNF710-AS1","turquoise"
"SLC12A5-AS1","turquoise"
"RNA5-8SN4","blue"
"RNA5-8SN2","grey"
"RNA5-8SN3","blue"
"MT-TS1","turquoise"
"DERPC","turquoise"
