"sample_id","MEturquoise","MEblue","MEbrown"
"GSM1963027",-0.0394682535559006,-0.277056461143728,-0.294342490371773
"GSM1963028",-0.0958333657571512,-0.233406224890933,-0.314964542242026
"GSM1963029",0.374935579972934,-0.0812894999870243,0.296552597460632
"GSM1963030",0.248073109922586,-0.0738942839580769,0.169552978820521
"GSM1963031",0.367255318146471,-0.0993621856026695,0.285188219953448
"GSM1963032",-0.128529012782828,-0.362011956088141,-0.442903679225738
"GSM1963033",0.0804580571049986,-0.19591575675168,-0.160431578827355
"GSM1963034",0.365260879591626,-0.141823657518285,0.2242294203192
"GSM1963035",0.166589299609517,-0.217129522048002,0.00268182338670842
"GSM1963036",-0.247195049462737,0.473811410987424,0.399135515776048
"GSM1963037",-0.0675171082057738,-0.138748016927357,-0.234353797945417
"GSM1963038",-0.242254494374565,0.162165410793302,-0.0672314696285328
"GSM1963039",-0.187829074521135,0.132994296851804,-0.099613770826168
"GSM1963040",-0.0940834913164263,0.238291363932261,0.0757489189093641
"GSM1963041",-0.0578586601900187,0.0564887903443156,-0.119213934357981
"GSM1963042",0.339187716880839,-0.164386875349028,0.1635648262916
"GSM1963043",-0.264226722697375,0.128961781335612,-0.121931047607354
"GSM1963044",-0.290017548608825,0.339735522610591,0.231655492314558
"GSM1963045",-0.141285878111272,0.247866238989922,0.00625272508856316
"GSM1963046",-0.0856613016449646,0.204709624419693,0.000423792711703948
