"item","value"
"input","analysis/WGCNA/data/processed/GSE75665_WGCNA_input_FPKM.csv"
"scale","FPKM"
"transformation","log2(FPKM + 1)"
"expression_filter","FPKM >= 1 in >= 5/20 samples"
"primary_MAD_filter","upper 50% nonzero MAD among expression-eligible genes"
"sample_outlier_rule","connectivity Z < -2.5 AND robust distance Z > 3.5"
"selected_power","30"
"power_decision","No power met R2 >= 0.85; selected maximum R2 among negative-slope powers with mean connectivity >= 1: beta=30. Diagnostic extension through beta=50 also failed R2=0.85 (maximum extended R2=0.4007)"
"networkType","signed"
"TOMType","signed"
"correlation","Pearson"
"minModuleSize","20"
"deepSplit","2"
"mergeCutHeight","0.25"
"hub_criteria","interaction module global FDR<0.05; |kME|>=0.80; kWithin top10%; gene interaction FDR<0.05"
"seed","75665"
