"module","effect","coefficient","standard_error","df","t_value","P_value","standardized_effect","singular_fit","BH_FDR_global","BH_FDR_within_effect"
"MEturquoise","AMS_statusAMS",0.300901043467372,0.134085682504578,14.8340184259135,2.24409525198262,0.0405257676925076,1.31159724048021,FALSE,0.354750121923451,0.121577303077523
"MEblue","AMS_statusAMS",-0.243240100115351,0.131186894477684,13.4474141562249,-1.85414938804522,0.08577700929027,-1.06025901541953,FALSE,0.354750121923451,0.128665513935405
"MEbrown","altitude_statushigh_altitude",0.144925968529561,0.0828193789084956,8.00000001354331,1.74990407365509,0.11825004064115,0.631717651115113,FALSE,0.354750121923451,0.354750121923451
"MEbrown","AMS_statusAMS:altitude_statushigh_altitude",-0.168781020967949,0.117124288879711,8.00000001354331,-1.44104201256915,0.187542750397765,-0.735699413986909,FALSE,0.421971188394971,0.501794887207123
"MEturquoise","AMS_statusAMS:altitude_statushigh_altitude",-0.165183461818937,0.160862559971027,7.99999995677993,-1.02686082982073,0.334529924804749,-0.720018017212955,FALSE,0.602153864648548,0.501794887207123
"MEbrown","AMS_statusAMS",0.117330163493907,0.153349551546071,10.6544170340517,0.765115791412392,0.460814669024979,0.511430325699048,FALSE,0.691222003537469,0.460814669024979
"MEblue","altitude_statushigh_altitude",0.061138889402493,0.0985489389250489,8.0000000221976,0.620391148493156,0.552259113916062,0.266498240425777,FALSE,0.710047432177794,0.724634459103769
"MEturquoise","altitude_statushigh_altitude",0.0415078188852642,0.113747006994541,7.99999995677992,0.364913503941745,0.724634459103769,0.180928387887656,FALSE,0.815213766491741,0.724634459103769
"MEblue","AMS_statusAMS:altitude_statushigh_altitude",0.00324894543025653,0.139369245985282,8.00000002219971,0.0233117816437038,0.981972550606885,0.0141618248035665,FALSE,0.981972550606885,0.981972550606885
