"gsm","original_sample_name","local_sample_name","disease_status","design","sequencing_batch","batch_source","batch_assignment_confidence"
"GSM8127887","CNS","hape1","HAPE","independent_case_control","reported_batch_corresponding_to_HAPE","Publication-level group-to-batch correspondence; exact sample-level physical batch IDs are not deposited in GEO","group-level statement; exact batch ID unavailable"
"GSM8127888","CYB","hape2","HAPE","independent_case_control","reported_batch_corresponding_to_HAPE","Publication-level group-to-batch correspondence; exact sample-level physical batch IDs are not deposited in GEO","group-level statement; exact batch ID unavailable"
"GSM8127889","HJC","hape3","HAPE","independent_case_control","reported_batch_corresponding_to_HAPE","Publication-level group-to-batch correspondence; exact sample-level physical batch IDs are not deposited in GEO","group-level statement; exact batch ID unavailable"
"GSM8127890","TWZ","hape4","HAPE","independent_case_control","reported_batch_corresponding_to_HAPE","Publication-level group-to-batch correspondence; exact sample-level physical batch IDs are not deposited in GEO","group-level statement; exact batch ID unavailable"
"GSM8127891","WKN","hape5","HAPE","independent_case_control","reported_batch_corresponding_to_HAPE","Publication-level group-to-batch correspondence; exact sample-level physical batch IDs are not deposited in GEO","group-level statement; exact batch ID unavailable"
"GSM8127892","ZYY","hape6","HAPE","independent_case_control","reported_batch_corresponding_to_HAPE","Publication-level group-to-batch correspondence; exact sample-level physical batch IDs are not deposited in GEO","group-level statement; exact batch ID unavailable"
"GSM8127897","XR","con1","control","independent_case_control","reported_batch_corresponding_to_control","Publication-level group-to-batch correspondence; exact sample-level physical batch IDs are not deposited in GEO","group-level statement; exact batch ID unavailable"
"GSM8127895","JF","con2","control","independent_case_control","reported_batch_corresponding_to_control","Publication-level group-to-batch correspondence; exact sample-level physical batch IDs are not deposited in GEO","group-level statement; exact batch ID unavailable"
"GSM8127894","DY","con3","control","independent_case_control","reported_batch_corresponding_to_control","Publication-level group-to-batch correspondence; exact sample-level physical batch IDs are not deposited in GEO","group-level statement; exact batch ID unavailable"
"GSM8127896","LQ","con4","control","independent_case_control","reported_batch_corresponding_to_control","Publication-level group-to-batch correspondence; exact sample-level physical batch IDs are not deposited in GEO","group-level statement; exact batch ID unavailable"
"GSM8127898","YCL","con5","control","independent_case_control","reported_batch_corresponding_to_control","Publication-level group-to-batch correspondence; exact sample-level physical batch IDs are not deposited in GEO","group-level statement; exact batch ID unavailable"
"GSM8127893","CXW","con6","control","independent_case_control","reported_batch_corresponding_to_control","Publication-level group-to-batch correspondence; exact sample-level physical batch IDs are not deposited in GEO","group-level statement; exact batch ID unavailable"
