relative_path,bytes,sha256,module,role,final_or_legacy,public_release,notes
.gitattributes,168,d6210414adb910f6677d9db1530e22611de835b3be9ef341e4eaff903aefde07,repository,release metadata or module provenance,final,yes,
.gitignore,451,d57711bd3620b73859b605f2bf6b2d4c803053c2c70835357345d8ba71a8f6f2,repository,release metadata or module provenance,final,yes,
ASSEMBLY_PROVENANCE.csv,1546,ae5b66002d52bcaffd881083313eed8e7e1fd39b7d84a1ebe2fc917b28539855,repository,release metadata or module provenance,final,yes,
CITATION.cff,1270,d16faddeeaddb52da8869d478c21114b433f04769d3fb4fdf66d0eaf7817aae9,repository,release metadata or module provenance,final,yes,
DATA_PROVENANCE.md,7197,cb14b976f180c01b0409ac676a7e3ade45374e6a87f1643e6259b6b4be530ad4,repository,release metadata or module provenance,final,yes,
GSE103940_VERSION_ALIGNMENT.md,1242,614b69f20062f084ef490908dbaeaa0da463f1e6377766af6d3baa0394ea465a,repository,release metadata or module provenance,final,yes,
LICENSE,1068,9f1abe28a25b5f6f95c58a81a647de3fa72ff6388d228c59bddd079255709989,repository,release metadata or module provenance,final,yes,
README.md,6284,510f8a21fa3612c0cd2dbb6d9240f6a75ae020917756d4eb5ca05225ffbf7477,repository,documentation,final,yes,
RELEASE_AUDIT.md,6894,48812ae97224963326543d58c5a4fd7c861948536bc5b43e6655d4169793db6e,repository,release metadata or module provenance,final,yes,
WGCNA_repository_audit.md,3680,f87bf78c7f32004e514a6857f44faf278fc587c8bd59a522c36b6c9de3038d33,repository,release metadata or module provenance,final,yes,
analysis/README.md,1630,100fe46542d8ab0daedd2bd598d8d74cb9d8099c98a5f2f6b72190cac8e13b8a,repository,documentation,final,yes,
analysis/WGCNA/README.md,5189,402549b8e6dbed20fd401239c610b64e83a30f117696657e1ff524394d46805b,WGCNA,documentation,final,yes,Authoritative revised beta=30 WGCNA only
analysis/WGCNA/data/metadata/GSE75665_subject_pairing.csv,1959,1ccd3abf1e9433074bf979299a56aa6052aa4b68f9b386a0cfc231ef08de8ef2,WGCNA,sample metadata,final,yes,Authoritative revised beta=30 WGCNA only
analysis/WGCNA/data/processed/GSE75665_WGCNA_input_FPKM.csv,2846819,e711e8cf640c6e4c43d77054d06494b805c14c87b395c17fdb7ff8ab8eb1a1e9,WGCNA,processed analysis input,final,yes,Authoritative revised beta=30 WGCNA only
analysis/WGCNA/data/reference/Codonopsis_54_overlap_targets.csv,343,b5257389de4ef40053176e821e1f91a7430f5a3123bed11cad74fed7951708d0,WGCNA,derived or reference input,final,yes,Authoritative revised beta=30 WGCNA only
analysis/WGCNA/results/WGCNA_Codonopsis_target_enrichment.csv,359,2f6653e1e6730905aad28bf25b7cca7ab8dc3d3fceadae487ad8c0da3c964515,WGCNA,frozen final result,final,yes,Authoritative revised beta=30 WGCNA only
analysis/WGCNA/results/WGCNA_analysis_config.csv,824,e56d063f6524851d319a0da153cbb21e00e982312559c124557e6fcd238eecec,WGCNA,frozen final result,final,yes,Authoritative revised beta=30 WGCNA only
analysis/WGCNA/results/WGCNA_candidate_gene_metrics.csv,1254,83ccd8ea12f0c8d20e6220e08ff9543801324e480e2d2db717bae0c84910b3c1,WGCNA,frozen final result,final,yes,Authoritative revised beta=30 WGCNA only
analysis/WGCNA/results/WGCNA_gene_filter_summary.csv,380,18cf9b2cd0e1df2f75a7403e10b47a4b489c026923bb91c6ab17c85043ba519e,WGCNA,frozen final result,final,yes,Authoritative revised beta=30 WGCNA only
analysis/WGCNA/results/WGCNA_gene_module_metrics.csv,977184,f2506028cce08e945b9fd7e3c321dae62d4c2edf6877ea306a97a65c87fb618c,WGCNA,frozen final result,final,yes,Authoritative revised beta=30 WGCNA only
analysis/WGCNA/results/WGCNA_hub_genes.csv,303,ecf37e6785bc9e8ed2dd92035466e27b3c78c7cbe70e6b9ad8f25cb37f96c660,WGCNA,frozen final result,final,yes,Authoritative revised beta=30 WGCNA only
analysis/WGCNA/results/WGCNA_module_assignments.csv,87014,82abc70f19ebe4f5d21d21272897ad00657bb708859a4c35a43731f2814cf277,WGCNA,frozen final result,final,yes,Authoritative revised beta=30 WGCNA only
analysis/WGCNA/results/WGCNA_module_eigengenes.csv,1433,1450ed3454c4b86798652b1558b9013f7735e1972e17674127dc92628445680c,WGCNA,frozen final result,final,yes,Authoritative revised beta=30 WGCNA only
analysis/WGCNA/results/WGCNA_module_sizes.csv,71,0104770e54713c2d604a8398c486099a43068bcb48769223798aa4e4e9563554,WGCNA,frozen final result,final,yes,Authoritative revised beta=30 WGCNA only
analysis/WGCNA/results/WGCNA_module_trait_mixed_effects.csv,1873,d0f141e669bbd07ef18fa8625375c0e2d64ee3d180b51bed4dcc1c39dfc676de,WGCNA,frozen final result,final,yes,Authoritative revised beta=30 WGCNA only
analysis/WGCNA/results/WGCNA_primary_network.rds,183341,0c67f768b48dff97a4d673497adfec763728f1ee490db7559fcda46007ae6468,WGCNA,frozen final result,final,yes,Authoritative revised beta=30 WGCNA only
analysis/WGCNA/results/WGCNA_sample_QC.csv,2730,a1c942532fcecf67360ca5b84a6ab10e2e4b32e94ce93630086f099d145758d6,WGCNA,frozen final result,final,yes,Authoritative revised beta=30 WGCNA only
analysis/WGCNA/results/WGCNA_sample_outlier_decision.txt,44,d01cfe8b1854e84527e43f932085d0716dc64c5c02bbc379c4607a7ca8a78d9a,WGCNA,frozen final result,final,yes,Authoritative revised beta=30 WGCNA only
analysis/WGCNA/results/WGCNA_sessionInfo.txt,2556,99c3bbbf5a33ceb82966f4b0c4b98370202d15c9a7fdd933da2fa145aad98d3d,WGCNA,frozen final result,final,yes,Authoritative revised beta=30 WGCNA only
analysis/WGCNA/results/WGCNA_soft_threshold_candidates.csv,7329,5b864eac1f232615983a56a7a33e6f7d05552a45a461df7b4965f312ed8c9e65,WGCNA,frozen final result,final,yes,Authoritative revised beta=30 WGCNA only
analysis/WGCNA/results/WGCNA_soft_threshold_decision.csv,260,2e09220b116da76b787dc3be24d5d0c89e316142d4ff593229143b8ba209c277,WGCNA,frozen final result,final,yes,Authoritative revised beta=30 WGCNA only
analysis/WGCNA/scripts/01_build_revised_WGCNA_figure_and_tables.R,10740,bf41156ba2adbf52f58f4838e6854fa1ac181961923d593ccf56a4058a91bca1,WGCNA,analysis or rendering script,final,yes,Authoritative revised beta=30 WGCNA only
analysis/WGCNA/scripts/03_GSE75665_signed_WGCNA.R,25395,e2fe85d96cf487e8216490b28db08bb4f7331c150ce7a58757a4ac9c836e92a3,WGCNA,analysis or rendering script,final,yes,Authoritative revised beta=30 WGCNA only
analysis/cell_composition/README.md,889,0e7893d39b44dbe265ae2c3113f9e9e1611830dfe96ad30c6bb5c0d54c553842,cell_composition,documentation,final,yes,
analysis/cell_composition/data/cell_type_marker_panel.csv,3682,c7de0b2a2cdac8138dca21c7a8172a92d44cd541b1fb03b60d912da2b89667dc,cell_composition,release metadata or module provenance,final,yes,
analysis/cell_composition/data/dependencies/GSE103940_analysis_B_DEG_all.csv,2656243,65e9f9af3e72d89a27b758a2e83f68e2ba849a7bc7338e3ab0073a353a3e91c0,cell_composition,frozen analysis dependency,final,yes,
analysis/cell_composition/data/dependencies/GSE103940_cell_composition_count_voom_DEG_all.csv,2522146,1b17f252ca02a1baa96933c1b05e91209c6206fdc9c3be9a8c9bc2ebfa7243c8,cell_composition,frozen analysis dependency,final,yes,
analysis/cell_composition/data/dependencies/GSE103940_final_A_B_fit.rds,24075635,ff9ff384be991b36c004e81705f4886d71dc5eab4507d0869d1b18391438d67d,cell_composition,frozen analysis dependency,final,yes,
analysis/cell_composition/data/dependencies/GSE260910_processed_data.csv,2335970,1a9942d3b260564a68772bc4ddfcaa619f1673cdcebe368205ead607e732eee3,cell_composition,frozen analysis dependency,final,yes,
analysis/cell_composition/data/dependencies/GSE75665_NCBI_counts_AMS_interaction_all_genes.csv,3501989,631766516c3e63fe3dda6d13959959861c2d253773c5a36b8930c023b6ecf879,cell_composition,frozen analysis dependency,final,yes,
analysis/cell_composition/data/dependencies/GSE75665_NCBI_counts_AMS_interaction_fit.rds,11166249,41962e96a40328badb1e3e9833020896d718add21dff93106442f1740a5a9ce2,cell_composition,frozen analysis dependency,final,yes,
analysis/cell_composition/results/Supplementary_Figure_S1_Cell_Composition_Marker_Audit.pdf,39961,2ecce0fb82adb306ec387592690cef697a711e862b00355a5c50fbcf8990e542,cell_composition,frozen final result,final,yes,
analysis/cell_composition/results/cell_composition_audit_sessionInfo.txt,885,633e3cd1399fa96f849970a2e63e017b709298f678efe304933313196209837c,cell_composition,frozen final result,final,yes,
analysis/cell_composition/results/cell_type_marker_coverage.csv,1366,2123181de98e5a7987dd9b695cbb79b30b6c7a8c80fa435f204642579faade31,cell_composition,frozen final result,final,yes,
analysis/cell_composition/results/cell_type_marker_gene_results.csv,65573,12473c7ea65317b2736e6de1786e1aba8815c40a0e0f2861f350d1961ab45e6c,cell_composition,frozen final result,final,yes,
analysis/cell_composition/results/cell_type_marker_score_results.csv,9036,e8220c03bb90c95c6f5088f61e2170fa21883473829ed7c7dbf844200e88522f,cell_composition,frozen final result,final,yes,
analysis/cell_composition/results/dataset_cell_composition_eligibility.csv,1011,2b1b74ccfa2ebb9975b322092d567c6a76de7368581b3b315c7a9d81966b17ab,cell_composition,frozen final result,final,yes,
analysis/cell_composition/scripts/01_cell_composition_marker_audit.R,21126,032d45efbab422877bff9d7088484a0158a822f38f9aedae5e75aa706771b5d9,cell_composition,analysis or rendering script,final,yes,
analysis/cell_composition/scripts/02_format_supplementary_figure_S1.R,4792,ff3fa3b7911f6f06faa1554c6402778eb38edf7b436abaa224c3813712aec3b4,cell_composition,analysis or rendering script,final,yes,
analysis/differential_expression/README.md,3906,a24e648a7aaebe654b38464a8d30585aea8aebf9fe59a7d75381dd0e26df24c4,differential_expression,documentation,final,yes,
analysis/differential_expression/data/dependencies/GSE75665_AMS_interaction_tested_genes.csv,769611,0159e5b3c73030d82e1c45f271530c3eda21e7bd4fdce2cf6728ccc44ade3e97,differential_expression,frozen analysis dependency,final,yes,
analysis/differential_expression/data/dependencies/GSE75665_NCBI_counts_AMS_interaction_tested_genes.csv,2759689,e6144283ed3ff27df6f0466e1e471872fdb1f553b5d05e04cbac0118d59c07b2,differential_expression,frozen analysis dependency,final,yes,
analysis/differential_expression/data/metadata/GSE103940_subject_pairing.csv,1557,c8446a710ff6754178160aa5d9a9b31a7d2e33ff841390b095f2e84b51d6cb95,differential_expression,sample metadata,final,yes,
analysis/differential_expression/data/metadata/GSE260910_sample_map.csv,685,885996b90897db2136305dafbc623ab34394c480b3baed021db5765913160135,differential_expression,sample metadata,final,yes,
analysis/differential_expression/data/metadata/GSE75665_subject_pairing.csv,1959,1ccd3abf1e9433074bf979299a56aa6052aa4b68f9b386a0cfc231ef08de8ef2,differential_expression,sample metadata,final,yes,
analysis/differential_expression/data/processed/GSE103940_FPKM_gene_symbol_matrix.csv,1834908,6ee0a7933f913ca3fa2b14d07c926ed1ac8a19a237b154839f4c8f69d22e86b0,differential_expression,processed analysis input,final,yes,
analysis/differential_expression/data/processed/GSE75665_raw_counts_GRCh38.p13_NCBI.tsv.gz,767149,a236130cc5d3f41b9d8e7d359840a488c8f1bf76b523c1aaa6987a92589219b4,differential_expression,processed analysis input,final,yes,
analysis/differential_expression/results/GSE103940_manuscript/Figure2_current_manuscript.pdf,2841864,4e2013eebbc1e20891ee768d65093f71ea99c3d382ddf73ef210f8fb3366cc73,differential_expression,frozen final result,final,yes,
analysis/differential_expression/results/GSE103940_manuscript/Figure2_current_manuscript.png,219903,291120d054c46f2e1ce877b48c71d8e5d5898d7123ae66b135ae7dd8f2f96772,differential_expression,frozen final result,final,yes,
analysis/differential_expression/results/GSE103940_manuscript/GSE103940_DEG_all_plain_minus_high.csv,1987593,6ac72c02435832498f94275d8dd1c92903714b80f852257b4d529dbec7e1d224,differential_expression,frozen final result,final,yes,
analysis/differential_expression/results/GSE103940_manuscript/GSE103940_DEG_annotated.xlsx,1664809,cce241dd93787883f5cbcf8386bb3be9235410fef39ed97fd0b1deb2f62a48bf,differential_expression,frozen final result,final,yes,
analysis/differential_expression/results/GSE103940_manuscript/figure_components/GSE103940_volcano.pdf,472579,8912c63414683d0425d51a09df5e0ac1350f835dd5f37ed8fd907b0c31e4cf5b,differential_expression,frozen final result,final,yes,
analysis/differential_expression/results/GSE103940_manuscript/figure_components/high_altitude_down_enrichment.pdf,75406,8d7c807827ebadf9ba91fbf94363ae3aafd9854de4c3c1547f6393435f2f5fc3,differential_expression,frozen final result,final,yes,
analysis/differential_expression/results/GSE103940_manuscript/figure_components/high_altitude_up_enrichment.pdf,50725,0330267816244d2eb7fcc4755bf671b54a596ab50c66f9187893c05fc5d68347,differential_expression,frozen final result,final,yes,
analysis/differential_expression/results/GSE260910_confounding/GSE260910_batch_confounding_report.md,3044,f9f5359e2c725e206505601b0c92581b0f553167db746aed36fe8c2192a00368,differential_expression,frozen final result,final,yes,
analysis/differential_expression/results/GSE260910_confounding/GSE260910_sample_disease_batch_table.csv,3357,679bcfa8d80d85638d697b48139c8d04ab11d34dc1c458a058d6340b075670dd,differential_expression,frozen final result,final,yes,
analysis/differential_expression/results/GSE75665/GSE75665_AMS_interaction_GSEA_FDR_significant_all_collections.csv,6731,27673d6effa78010d9fabc4a7717bb5ef9cf0ae6a512f86845706745f5a5cc55,differential_expression,frozen final result,final,yes,
analysis/differential_expression/results/GSE75665/GSE75665_AMS_interaction_GSEA_all_collections.csv,1627162,c51c8319821f24b7f9bde9e9bfec06b96f4d308382f49ffc25e5bdaceac83d68,differential_expression,frozen final result,final,yes,
analysis/differential_expression/results/GSE75665/GSE75665_AMS_interaction_GSEA_config.csv,671,01bc6c0516cbcb101861cc8f435f3f1ff3e0324d99fe837027ac6ff887f60f02,differential_expression,frozen final result,final,yes,
analysis/differential_expression/results/GSE75665/GSE75665_AMS_interaction_GSEA_sessionInfo.txt,1435,65b2f1a501770b8fc108242fa5be7336557becf7b898e09af42de9c4c76f1725,differential_expression,frozen final result,final,yes,
analysis/differential_expression/results/GSE75665/GSE75665_AMS_interaction_fixed_ranked_statistics.csv,369227,2ec98ac2f079c12f3cff7e008ce68a120c63aafe6b632336e98ad219e80a06d9,differential_expression,frozen final result,final,yes,
analysis/differential_expression/scripts/01_GSE103940_manuscript_DEG.R,3324,cbefe360e3b545347ff5647d6ff789cfa31061fc7c9eb34001e3dbe60e8a94e9,differential_expression,analysis or rendering script,final,yes,
analysis/differential_expression/scripts/02_GSE260910_batch_audit.R,7948,707e53315484f20abe44b19ebfba5639b7d752965b5549b83a6c44999e5cb800,differential_expression,analysis or rendering script,final,yes,
analysis/differential_expression/scripts/02_GSE75665_pathway_finalization.R,7651,05ed8dcd864746ef26c51925d7cdda7a4ac58e7ec8a3cc3507fc6a393099603a,differential_expression,analysis or rendering script,final,yes,
analysis/differential_expression/scripts/03_GSE75665_NCBI_counts_interaction.R,15915,d0f0c4fcd83b006917b6984193778a7b9c18ecfd1c0c17154ad243ba0bd410f7,differential_expression,analysis or rendering script,final,yes,
analysis/differential_expression/scripts/download_ncbi_gene_mapping.sh,829,ed70dae514a044796520f7af79ab52e8bf06d82c4d063e4ab9dc351d4559ca92,differential_expression,analysis or rendering script,final,yes,
analysis/machine_learning/README.md,845,e0a974831fea0eff4bd0f92c8270a1842b6945d621481b45b28ae318c97565d5,machine_learning,documentation,final,yes,
analysis/machine_learning/data/dependencies/ML_RF_importance_stability_long.csv,1011619,a843f3287fe85bb935d4bf1912208cca7147e95b587d2cfb77db0f0db0d7f9f5,machine_learning,frozen analysis dependency,final,yes,
analysis/machine_learning/data/dependencies/final_ML_feature_stability.rds,21794,86410c07de94317652d72e334688b4c6a5f0a5c776b140b173637313de645786,machine_learning,frozen analysis dependency,final,yes,
analysis/machine_learning/data/dependencies/final_ML_observed_fit.rds,12036,c4486bbd33c88449ae2de1f2450b11aea31661c8ed109dfb47768141dca9e05c,machine_learning,frozen analysis dependency,final,yes,
analysis/machine_learning/data/dependencies/final_ML_paired_permutation_results.rds,23592,6f26e4c88099faf145bf4f5bfd1fe3816a9e9fc459db66f030a2a59e790d574f,machine_learning,frozen analysis dependency,final,yes,
analysis/machine_learning/data/dependencies/revised_ML_inputs_and_observed_fits.rds,14778,3afe6676fec9ced3c1c4d8c6c2bf5422eb5459dd5b8bb57dc4d695a12951bfac,machine_learning,frozen analysis dependency,final,yes,
analysis/machine_learning/data/dependencies/revised_ML_permutation_results.rds,29158,8ed893e666fc4d26912566016e88f570129d92ce93d8efccd9e77d2852d554ec,machine_learning,frozen analysis dependency,final,yes,
analysis/machine_learning/data/dependencies/revised_ML_stability_results.rds,231995,b051123149b9d9353bd7a3aa74e46b7677da7f9d81dd57722bda7fe39575b454,machine_learning,frozen analysis dependency,final,yes,
analysis/machine_learning/results/00_final_ML_methods_freeze.md,2439,cdeaa810dedc2b54634d1d50b4e397c44b043259c6ece4ed5c47e5e29a13fac8,machine_learning,frozen final result,final,yes,
analysis/machine_learning/results/GSE103940/GSE103940_AUC_subject_bootstrap_95CI.csv,321,1dd78617261ddbff0d9619c8461f4590e8d691114bb5debd61369070131f946f,machine_learning,frozen final result,final,yes,
analysis/machine_learning/results/GSE103940/GSE103940_feature_stability_ranked.csv,1512,0d371af61429917afed17f53725a5c5c4d3b085845deda44dd40012c31d9cd61,machine_learning,frozen final result,final,yes,
analysis/machine_learning/results/GSE103940/GSE103940_final_LOSO_OOF_predictions.csv,2772,bb715490ad91f5cc1eb6152578cb3f7376b5897d7e87e0ee0b6a9f7bef260c70,machine_learning,frozen final result,final,yes,
analysis/machine_learning/results/GSE103940/GSE103940_final_OOF_performance.csv,496,3f7b5180dedcd0dbd5bb82cf3c6acb7091d52df69a8d979f1f84041656470823,machine_learning,frozen final result,final,yes,
analysis/machine_learning/results/GSE103940/GSE103940_nested_validation_leakage_audit.csv,3164,e477364ed1bbbfb5b519e5e69d7ff905995e8bfeb67eb3c70f754253851e31d6,machine_learning,frozen final result,final,yes,
analysis/machine_learning/results/GSE103940/GSE103940_outer_fold_feature_selections.csv,15699,0d3ec07e71deecc609a7624fb9c8b37057efd51b7e2fabc8f0925eb2e31b7284,machine_learning,frozen final result,final,yes,
analysis/machine_learning/results/GSE103940/GSE103940_outer_fold_tuning.csv,3192,d837fdbbbb1dcbbc903fedd8b8cff4fa199121f244acf18b1dcd4016c0a3095c,machine_learning,frozen final result,final,yes,
analysis/machine_learning/results/GSE103940/GSE103940_paired_permutation_null_metrics.csv,276882,5015fac0d4725770a00744321791e68f56e581d991640db4f5f9ffff9eb66c7c,machine_learning,frozen final result,final,yes,
analysis/machine_learning/results/GSE103940/GSE103940_paired_permutation_summary.csv,1457,c5d8712d479be8cf3aa279ecaebddddfdc1bb6cb0b4ac83a209090ffc782bdb1,machine_learning,frozen final result,final,yes,
analysis/machine_learning/results/GSE103940/GSE103940_paired_ranking_summary.csv,154,8c239f1dd417fe759c36592698fafd1689b000aac3c9b3e1a806a3ed87508607,machine_learning,frozen final result,final,yes,
analysis/machine_learning/results/GSE103940/GSE103940_paired_subject_score_differences.csv,4172,a0d98f1b4c1073cd0d01073b9d483a91d29a90f4c2f124f464ec1f2108f02d3b,machine_learning,frozen final result,final,yes,
analysis/machine_learning/results/GSE103940/GSE103940_penalized_feature_stability_long.csv,2963412,b75cada07d4d1e77cb586053967aab71ad5c78af267ddb05e6602e0ee0956143,machine_learning,frozen final result,final,yes,
analysis/machine_learning/results/GSE103940/GSE103940_subject_bootstrap_metrics.csv,1263560,90e43065574db18963c95015d3648d03f218cab57924dd3b8d75a22640381d04,machine_learning,frozen final result,final,yes,
analysis/machine_learning/results/ML_final_feature_stability.csv,1512,e10b9249b1068631f1a38f8b4a899189be059bbde80be48609d21b281a0ae5b2,machine_learning,frozen final result,final,yes,
analysis/machine_learning/results/fig5_components/Fig5A_final_ML_workflow.pdf,19334,96d9a303f0f96a36efc2e2d3428b2c4afd726ebf9d0ba7fea0e7afa8cfe3d8fe,machine_learning,frozen final result,final,yes,
analysis/machine_learning/results/fig5_components/Fig5A_final_ML_workflow.png,82272,bdd28e30a69cbdf80bf9344a78faf1aef9b400ca4c10039672f815796e9553e6,machine_learning,frozen final result,final,yes,
analysis/machine_learning/results/fig5_components/Fig5A_workflow_data.csv,261,4bebbea3a4323407cc899b1d450b0ef7d65faed2f2e0e4f12bc791c7f692f258,machine_learning,frozen final result,final,yes,
analysis/machine_learning/results/fig5_components/Fig5B_GSE103940_OOF_ROC.pdf,17892,5a5a12b8809c8357cda181657135dc89cb45780cd816de32092e4ba5b576dbc7,machine_learning,frozen final result,final,yes,
analysis/machine_learning/results/fig5_components/Fig5B_GSE103940_OOF_ROC.png,104070,0cbb4196faa0e388888ad9ccb821d2f57b148c6a38c363e863e4c16243181c47,machine_learning,frozen final result,final,yes,
analysis/machine_learning/results/fig5_components/Fig5B_OOF_ROC_coordinates.csv,5848,454e1a38ca7aacf1b038772e70ea126a5008cef78f91f15ce59ef03ce92cb484,machine_learning,frozen final result,final,yes,
analysis/machine_learning/results/fig5_components/Fig5C_GSE103940_permutation_distributions.pdf,18291,7efd80181656c3ff42ce22a23c972318710208146874c11459fe5b472332798c,machine_learning,frozen final result,final,yes,
analysis/machine_learning/results/fig5_components/Fig5C_GSE103940_permutation_distributions.png,85139,c2fba1bbed5dbdfc4b8af94577e03909133c642946b29ffa9bbb60e210b98912,machine_learning,frozen final result,final,yes,
analysis/machine_learning/results/fig5_components/Fig5D_GSE103940_feature_stability_heatmap.pdf,23325,aab52f9d79a7afd4b0d754e8141d23c8ae6ba14f10142c28700cc1d475d16121,machine_learning,frozen final result,final,yes,
analysis/machine_learning/results/fig5_components/Fig5D_GSE103940_feature_stability_heatmap.png,174066,9c89addfe6f886ce0e0dd941cb0e1e7fed15a4cedcae908ce2a7b782af0524a7,machine_learning,frozen final result,final,yes,
analysis/machine_learning/results/fig5_components/Fig5D_feature_stability_long.csv,4003,bad6217a44ccf0bd1fb3bdb190449c05d22b9ed762ef2b48af0fefae87001561,machine_learning,frozen final result,final,yes,
analysis/machine_learning/results/fig5_components/Fig5E_GSE103940_consensus_candidates.pdf,22043,301efa8429fa56b2b9a9aada23157a198c70bcfd44943aff62fd45aab1339c3d,machine_learning,frozen final result,final,yes,
analysis/machine_learning/results/fig5_components/Fig5E_GSE103940_consensus_candidates.png,123944,53298517a5aaa6cf1fc7b99188c60dc0b762fde472961de522a58edc7775ee98,machine_learning,frozen final result,final,yes,
analysis/machine_learning/results/fig5_components/Fig5E_consensus_candidate_data.csv,813,499950f591ca06dc9d3960db94fb27032498b9a04f7bd8730b46e9a7252feef8,machine_learning,frozen final result,final,yes,
analysis/machine_learning/results/fig5_components/Fig5F_GSE103940_paired_score_differences.pdf,20443,04e84d540e10160778856773b651b57ef43beb85260106c04dde3686b490c54d,machine_learning,frozen final result,final,yes,
analysis/machine_learning/results/fig5_components/Fig5F_GSE103940_paired_score_differences.png,318260,cebd8c4b6e404e3bf075b1eae43807134b9fec7df2e3440844608ca070c7173b,machine_learning,frozen final result,final,yes,
analysis/machine_learning/results/fig5_plot_data/panel_A_LASSO_nested_tuning.csv,851,a560b1f8ba9c4ebb069e11340da446d992d12345796d3f81f996192370424cb5,machine_learning,frozen final result,final,yes,
analysis/machine_learning/results/fig5_plot_data/panel_B_LASSO_stability.csv,130,5a56b086dbc6a72141bb6a0f36241d0a9f67d2ae7587c067d56a5be298d63783,machine_learning,frozen final result,final,yes,
analysis/machine_learning/results/fig5_plot_data/panel_C_RF_importance_stability.csv,352,4ba219f2547c921f89e9cdb4b5b355e87c7cbf7196690d87a0e643ee8b788dfb,machine_learning,frozen final result,final,yes,
analysis/machine_learning/results/fig5_plot_data/panel_D_SVM_RFE_nested_tuning.csv,983,898dfb4c6402dddc0d4778a2dc6311619f59dd50a266e52d99cfe343a2dfa450,machine_learning,frozen final result,final,yes,
analysis/machine_learning/results/fig5_plot_data/panel_E_SVM_stability.csv,121,107452f4ca60af2051c324045332b3e33b8eef25ea1544446b952ea447565fe0,machine_learning,frozen final result,final,yes,
analysis/machine_learning/results/fig5_plot_data/panel_F_ElasticNet_stability.csv,146,1e65d73abbfe12565ea7e58985dafd227a883e26823588b36e71bfccb78bf009,machine_learning,frozen final result,final,yes,
analysis/machine_learning/results/fig5_plot_data/panel_G_stable_set_intersections.csv,234,2cd9657df3a94624ba53ad4be0e96cbaf5853f2191e0fbc52d26c90c8f6f1492,machine_learning,frozen final result,final,yes,
analysis/machine_learning/results/fig5_plot_data/panel_H_final_tiers.csv,220,d6fd967bc21b3853cb53e6cd065411e5579ae180dd6578f86b82d6c472164033,machine_learning,frozen final result,final,yes,
analysis/machine_learning/results/fig5_plot_data/supplementary_OOF_ROC_coordinates.csv,2916,08706ad9626681d72d98a5b4b7760dcef876fb6279ed0cecf4a9396b4304dc62,machine_learning,frozen final result,final,yes,
analysis/machine_learning/results/figures/Fig5_feature_prioritization.pdf,40470,50771d2671a9dfd68b84947544ba0124f040fd3c22aafd80ff307e534ab89efb,machine_learning,frozen final result,final,yes,
analysis/machine_learning/results/figures/Supplementary_ML_OOF_ROC.pdf,19293,095763ecc502e39e7228ab3a8bcb446099b97ee7294969f153d199054e5eb945,machine_learning,frozen final result,final,yes,
analysis/machine_learning/results/final_ML_candidate_gene_list.csv,760,5c27d0a08d23e9aa0fd8af3e33986884555eb11d85da68ba203a2bdfa9006c0c,machine_learning,frozen final result,final,yes,
analysis/machine_learning/results/final_ML_package_versions.csv,107,4801a52cd17ce4098e35d0bb5e37771385e0a7bff7a84b286cb417b964ee5a7a,machine_learning,frozen final result,final,yes,
analysis/machine_learning/results/supplementary/Supplementary_Figure_S1_ML_OOF_ROC.pdf,24879,a12ae9e189c9fc1d4f4fdee84ac6d358b07ad2ee932f25e96dd95dc527ce9696,machine_learning,frozen final result,final,yes,
analysis/machine_learning/results/supplementary/Supplementary_Table_S3_ML_validation.xlsx,20990,07ad1b496846221c925b6bb25072e81a63800b7befddb2c1133129ae06c3d1cb,machine_learning,frozen final result,final,yes,
analysis/machine_learning/results/supplementary/Table_S3A_feature_stability.csv,3713,99310aa47ffc7eeb6878b5f6306912c931f1d27d858713542f7b6763c5d0aa26,machine_learning,frozen final result,final,yes,
analysis/machine_learning/results/supplementary/Table_S3B_OOF_performance.csv,1727,d5768fa5981c8ba438ae66c4819fb19fb56ab4c8bc64d1b3da07454ca0cdf19e,machine_learning,frozen final result,final,yes,
analysis/machine_learning/results/supplementary/Table_S3C_model_specification.csv,3468,275ba220592215f41af48d6209acb3b63a8ccac640d04495d18a4169ff818192,machine_learning,frozen final result,final,yes,
analysis/machine_learning/results/supplementary/Table_S3D_outer_fold_tuning.csv,2790,1f9f52b303f04d070c7208a97591453e7264724e2cc95b108caf6ee184344744,machine_learning,frozen final result,final,yes,
analysis/machine_learning/results/supplementary/Table_S3E_OOF_predictions.csv,2648,2b92868b3a24b7fdfdd7d9bdfd5d9526875dde596b09eb4a9a4be01b00ef1835,machine_learning,frozen final result,final,yes,
analysis/machine_learning/results/supplementary/Table_S3F_permutation_tests.csv,1393,753a953d8961f75f3a041b6c8ab4168209a177e5c5e6a90bd8588dc37ed07d5e,machine_learning,frozen final result,final,yes,
analysis/machine_learning/results/supplementary/Table_S3G_leakage_audit.csv,3025,27bd7732f954018533af5717e93d9c4697d5e220189af492be5475e0b1de5d73,machine_learning,frozen final result,final,yes,
analysis/machine_learning/results/supplementary/Table_S3H_software_versions.csv,92,a4c4ebb8b46a16d64e624b2aaf1631f9ac84f10e3e4679cb036801b3a4bc0565,machine_learning,frozen final result,final,yes,
analysis/machine_learning/results/supplementary_GSE75665/GSE75665_exploratory_OOF_performance.csv,310,cc682d81e4cdb843be7723de8b48cb963476c18e49b8e314f1fd2a1391fb2745,machine_learning,frozen final result,final,yes,
analysis/machine_learning/results/supplementary_GSE75665/GSE75665_exploratory_OOF_predictions.csv,1335,b038d4ea099de5411ec7f2b8ccf68b111811bf8c03702cf3e0068bc6dff68b81,machine_learning,frozen final result,final,yes,
analysis/machine_learning/results/supplementary_GSE75665/GSE75665_exploratory_feature_stability.csv,2381,232f2a5aa46f37c0a62d24e4e0652de31d6ddd7acc494759222f77c261ab2ae6,machine_learning,frozen final result,final,yes,
analysis/machine_learning/results/supplementary_GSE75665/GSE75665_exploratory_permutation_summary.csv,1204,73bf9380eeac0a803b7ccc91c344b2dc7819d60512f796976266217eaec0f9cc,machine_learning,frozen final result,final,yes,
analysis/machine_learning/results/supplementary_GSE75665/README.md,378,0881e3aaddb5b575d356d259a438b4faf3da37da781fecebff604d9443fec15b,machine_learning,frozen final result,final,yes,
analysis/machine_learning/results/supplementary_GSE75665/SFig_GSE75665_OOF_performance.pdf,5637,4af391f76d051f6597d0293ea56e5914e22bf4fd417dad00013a3e0ab07efaa1,machine_learning,frozen final result,final,yes,
analysis/machine_learning/results/supplementary_GSE75665/SFig_GSE75665_gene_stability.pdf,7734,c5662065a3b6ce531e05ed495478c7fe3a3d89445de88258b558da38885b3baa,machine_learning,frozen final result,final,yes,
analysis/machine_learning/scripts/01_observed_nested_LOSO.R,3498,ec1b02d222ca95ed653738c0628e826241339d4f5928cec34e01e4805138ebb2,machine_learning,analysis or rendering script,final,yes,
analysis/machine_learning/scripts/02_feature_stability.R,4083,f298a5f3762ac7cd6f517aa4118759efc7c32ca10b187f57d4e232e27590b5c3,machine_learning,analysis or rendering script,final,yes,
analysis/machine_learning/scripts/03_paired_permutation.R,2980,b35dc6623b2c7f3bb5aecf7c215c285016ef35268287219c8d53507fb98b957f,machine_learning,analysis or rendering script,final,yes,
analysis/machine_learning/scripts/04_integrate_and_figures.R,7918,c04525b5f47f03b6a056625c43ee33c87a61f01af26fc7972c00f0ca63892946,machine_learning,analysis or rendering script,final,yes,
analysis/machine_learning/scripts/99_validate_outputs.R,3047,43929c88b0e793470f81082fd3b34a689dfda3211b40fce10a46256f5c9140c2,machine_learning,analysis or rendering script,final,yes,
analysis/machine_learning/scripts/build_feature_prioritization_fig5.py,13339,468ae3c6dca5e2eab687906e1ba82762fb83afd77257d5d7dd92ad5dcc6e333e,machine_learning,analysis or rendering script,final,yes,
analysis/machine_learning/scripts/final_ml_utils.R,10997,0a69b4bc777da1bcab6639889eb76640f15fd373743ff477f47ea8511694ae61,machine_learning,analysis or rendering script,final,yes,
analysis/machine_learning/scripts/upstream_ml_utils.R,20421,01969c5b8bb8ace36226f5d0a6ab980675a6f36ffdbaed942cc92b22441e5bac,machine_learning,analysis or rendering script,final,yes,
analysis/molecular_docking/README.md,599,05d260cd7d86b4dbf60903086fca5361bcdf2408aa34d3c9c6a368ce2812135e,molecular_docking,documentation,final,yes,
analysis/molecular_docking/configs/dock_MMP9_MOL000006.txt,349,de35ab6eb396c5d5be1d8cddcc3185ce36677f4e201d291380e0fd50a6608c83,molecular_docking,analysis configuration,final,yes,
analysis/molecular_docking/configs/dock_NR3C2_MOL000449.txt,351,d4cd2979adfbfc1eb48ebad59ac7dc3d57b43db96fcc2fe1bdcf5278a97871d2,molecular_docking,analysis configuration,final,yes,
analysis/molecular_docking/configs/dock_NR3C2_MOL004355.txt,351,b28128e75f97c4c01b3fbc10f0d187bb55c408b70270ad61fa2157001010b198,molecular_docking,analysis configuration,final,yes,
analysis/molecular_docking/configs/dock_NR3C2_MOL008407.txt,351,279b8be6c6c727f6321fba81d002931ce6c6aba4a30ae3f6e6899218ab224573,molecular_docking,analysis configuration,final,yes,
analysis/molecular_docking/configs/redock_MMP9.txt,316,4fe9c6b09367222e37d2d5bce0187605c5e6e0809cb28029c902cfa01d5eab89,molecular_docking,analysis configuration,final,yes,
analysis/molecular_docking/configs/redock_NR3C2.txt,318,5adbb0b9473bf5e8cb9e571802e61d1edfd217605585a396aee11da6f16da650,molecular_docking,analysis configuration,final,yes,
analysis/molecular_docking/environment.yml,214,da85e52275873e7d67d51ab1425db0c88a51d0c947fa455240a89bbeecac718b,molecular_docking,release metadata or module provenance,final,yes,
analysis/molecular_docking/inputs/candidate_ligands/MOL000006_PubChem3D.sdf,5986,1d0d0c1c26f85723e03fec246cd2839828380470aea6f4f3875dea25cccbbf2d,molecular_docking,release metadata or module provenance,final,yes,
analysis/molecular_docking/inputs/candidate_ligands/MOL000449_PubChem3D.sdf,9822,bf6482511137a36c049169a8a045e93e066badbb1a60c9457febd2fcc766e371,molecular_docking,release metadata or module provenance,final,yes,
analysis/molecular_docking/inputs/candidate_ligands/MOL004355_PubChem3D.sdf,10078,9423afc21069c2ea4bc6a395d24b3f74ca2f171c2c8047fec54a80dba4aeb054,molecular_docking,release metadata or module provenance,final,yes,
analysis/molecular_docking/inputs/candidate_ligands/MOL008407_PubChem3D.sdf,9943,73d2c2d3ca3c4bdbdd81ada8b3728a6954753c7db7d39f9c0bb2c1a978df59c9,molecular_docking,release metadata or module provenance,final,yes,
analysis/molecular_docking/inputs/input_sha256.txt,850,15d310be0b970c5dd84c5366789368bc4474dbd1ba5e793238f0ccfd70872d2e,molecular_docking,release metadata or module provenance,final,yes,
analysis/molecular_docking/inputs/native_ligands/AS4_ideal.sdf,3807,de976bd441b96eb850bada789adf3f9582dd46000a3995da1251cd50864c8dce,molecular_docking,release metadata or module provenance,final,yes,
analysis/molecular_docking/inputs/native_ligands/NFH_ideal.sdf,3527,0ffbe3e133c8d2071c8ccdee7a406e4fe58ecf52841ae0605922eba339cd0d9c,molecular_docking,release metadata or module provenance,final,yes,
analysis/molecular_docking/inputs/structures/1GKC.pdb,289008,495a00a7443f6d931da570a66ba1ffe0e0649a34e7f7735a65955bcb8dbd39a1,molecular_docking,release metadata or module provenance,final,yes,
analysis/molecular_docking/inputs/structures/2AA2.pdb,221697,f5268008eba8ad667340620811aca2b0189271f3467336f7093573f71e65c0d2,molecular_docking,release metadata or module provenance,final,yes,
analysis/molecular_docking/logs/00_fetch_inputs.log,0,e3b0c44298fc1c149afbf4c8996fb92427ae41e4649b934ca495991b7852b855,molecular_docking,execution log,final,yes,
analysis/molecular_docking/logs/01_MMP9_receptor_openbabel.log,183,6b4efef57c134e6dc4b923835d6bf1fd8aebb9a66b9164e51e2d9defe53530c5,molecular_docking,execution log,final,yes,
analysis/molecular_docking/logs/01_NR3C2_receptor_openbabel.log,185,bc393b910f5e934012657e33a0af4432688ad13ece1703f36e46257ebdf5c8fb,molecular_docking,execution log,final,yes,
analysis/molecular_docking/logs/01_prepare_receptors.log,296,3b1630ae3cc46b35ef6417f34574e1017e7615ad3518fa89880416752cf8d559,molecular_docking,execution log,final,yes,
analysis/molecular_docking/logs/02_MMP9_native_meeko.log,331,c01a8987aa75d8803e2a77f42b2a13f836c7893542dbe81a2a21b5b5a7c47187,molecular_docking,execution log,final,yes,
analysis/molecular_docking/logs/02_MMP9_native_protonation.log,175,75d9a2c013e2cfac516e08181662969449eb697eeeea4f251af65699ea971f86,molecular_docking,execution log,final,yes,
analysis/molecular_docking/logs/02_MMP9_redocking_export.log,142,059c17ffe33ec7e64f772fb332aa887e52bef8a0dffe8ab9db60d98fa6071e7b,molecular_docking,execution log,final,yes,
analysis/molecular_docking/logs/02_MMP9_redocking_vina.log,2607,5d9432af831d89f166bbf44ac2ab8bbffdb5f0341f4004f776c9a1b08d09e0fd,molecular_docking,execution log,final,yes,
analysis/molecular_docking/logs/02_NR3C2_native_meeko.log,333,11ff7c1e95dd332ba5873384d40b5610226235765838a5114bfe8d41b2631e19,molecular_docking,execution log,final,yes,
analysis/molecular_docking/logs/02_NR3C2_native_protonation.log,177,af8ae377c800f1aaade8f520bf2f9ea912d765b8aa8dfc1b5c3d2f9ae055e5e6,molecular_docking,execution log,final,yes,
analysis/molecular_docking/logs/02_NR3C2_redocking_export.log,144,8d1635201682b76a34c8fd8b0f98e1572f28d8803103c8ef9a791ccaf29030c9,molecular_docking,execution log,final,yes,
analysis/molecular_docking/logs/02_NR3C2_redocking_vina.log,2649,e78aaa3998cce514990809ae95581895cd2e2958b3f2124ea436eea2a2c30b1e,molecular_docking,execution log,final,yes,
analysis/molecular_docking/logs/02_run_docking.log,0,e3b0c44298fc1c149afbf4c8996fb92427ae41e4649b934ca495991b7852b855,molecular_docking,execution log,final,yes,
analysis/molecular_docking/logs/03_MMP9_MOL000006_export.log,180,f48caa554575cf6ab286d65752b105df4b9c13c4a07090d124a995b7cbd2cc0d,molecular_docking,execution log,final,yes,
analysis/molecular_docking/logs/03_MMP9_MOL000006_meeko.log,376,15e564fbe68eb8d0dd773ee28b1051b71ed070179ec296cbd9e3cb3a6a677143,molecular_docking,execution log,final,yes,
analysis/molecular_docking/logs/03_MMP9_MOL000006_protonation_minimization.log,262,2a2303724ac7e7f2f4c8bdfe6fbf5374be39fd2aa7f3ce68271a46b635e6a7f2,molecular_docking,execution log,final,yes,
analysis/molecular_docking/logs/03_MMP9_MOL000006_vina.log,2669,528226dbbe14a089a5355de7c0c9a606bb82a7294b14f1719fb9a7f70fe5d044,molecular_docking,execution log,final,yes,
analysis/molecular_docking/logs/03_NR3C2_MOL000449_export.log,182,a7ca326be12c10834c0227fb24cc83f03849e84cf98f85f9f87d91c5b6bcbf38,molecular_docking,execution log,final,yes,
analysis/molecular_docking/logs/03_NR3C2_MOL000449_meeko.log,378,a3b3773ba56032b7935861b678d08a562310ec5b5110288647953df63183cfe8,molecular_docking,execution log,final,yes,
analysis/molecular_docking/logs/03_NR3C2_MOL000449_protonation_minimization.log,263,f868d9e4bbaa2d867534dc8337110a2319cae2499d3153a4a635339b19ad5cb6,molecular_docking,execution log,final,yes,
analysis/molecular_docking/logs/03_NR3C2_MOL000449_vina.log,2671,ac07dc8e9ab215366cc58285943c6c982f45750c1ffccd3a8877edeea3fd9f9e,molecular_docking,execution log,final,yes,
analysis/molecular_docking/logs/03_NR3C2_MOL004355_export.log,182,3676acfb3a2af37299f5fba14ead135e05ea58963045136e41cdbd17e426f8de,molecular_docking,execution log,final,yes,
analysis/molecular_docking/logs/03_NR3C2_MOL004355_meeko.log,378,7486a8a07ab340c36395240b96c76adf9b3f77e75994e6972e11d6c3a11bd803,molecular_docking,execution log,final,yes,
analysis/molecular_docking/logs/03_NR3C2_MOL004355_protonation_minimization.log,263,eaf8f74eaabfd05ee76fe8f4882a42a9c05d79fbe72f92f7d226813f53173b92,molecular_docking,execution log,final,yes,
analysis/molecular_docking/logs/03_NR3C2_MOL004355_vina.log,2631,9e3d18a483ff8346d4db8b571aa1d78ae363a06babd3f61d19f3ad73afa0971c,molecular_docking,execution log,final,yes,
analysis/molecular_docking/logs/03_NR3C2_MOL008407_export.log,182,ff444cb801714b1676cdfc29370144ef9487264e36f7753b4545e736eee52ecd,molecular_docking,execution log,final,yes,
analysis/molecular_docking/logs/03_NR3C2_MOL008407_meeko.log,378,859ed39051b692da236fbe3675eb3f18bb754af440ec2a7557e4aa8338f01572,molecular_docking,execution log,final,yes,
analysis/molecular_docking/logs/03_NR3C2_MOL008407_protonation_minimization.log,263,e23da0d4a49f04e2029ba3d5ab576292149e3898801dbe35a1fda7d1b5244fde,molecular_docking,execution log,final,yes,
analysis/molecular_docking/logs/03_NR3C2_MOL008407_vina.log,2671,ae71284508195492bbaf9d0e1e34fc2c6c24f4d780ebfc458e1a5701b91fa601,molecular_docking,execution log,final,yes,
analysis/molecular_docking/logs/03_analyze_and_compare.log,0,e3b0c44298fc1c149afbf4c8996fb92427ae41e4649b934ca495991b7852b855,molecular_docking,execution log,final,yes,
analysis/molecular_docking/logs/04_validate_outputs.log,87,6d4e384362f015c6f09ecd4df66b3ee5c071dd6ad78beb3d019545e5cce14fa5,molecular_docking,execution log,final,yes,
analysis/molecular_docking/new_docking_interactions.csv,2260,a764f903020438578f691dee451450382d2b23334e72cf1002bd571af87d13d5,molecular_docking,release metadata or module provenance,final,yes,
analysis/molecular_docking/new_docking_results.csv,2110,387c1dfaeb1a23a46865f2acf047e8bea039b72c912e3b0098f084481b3b3435,molecular_docking,release metadata or module provenance,final,yes,
analysis/molecular_docking/output_manifest_sha256.txt,10641,3e0637ce23e92e2eb03a8ad0dd1c00e102ed9f1e9949082ef9529b4fb3440e05,molecular_docking,release metadata or module provenance,final,yes,
analysis/molecular_docking/prepared/MMP9/native_ligand_crystal.pdb,2260,c5e3d71d15c8965a156e21cebf048d1baaf2863b0a9776d0f98fffd0155fc653,molecular_docking,release metadata or module provenance,final,yes,
analysis/molecular_docking/prepared/MMP9/native_ligand_crystal.sdf,1906,cd4e5deb831a77b67b00088807e7384675f58d473904e20ec068244adc36519f,molecular_docking,release metadata or module provenance,final,yes,
analysis/molecular_docking/prepared/MMP9/receptor.pdbqt,121873,bbae5a7964c9783d6d5b0940ee2ef55ddea6aff04317b9b08ca258d2d14cfc4b,molecular_docking,release metadata or module provenance,final,yes,
analysis/molecular_docking/prepared/MMP9/receptor_for_openbabel.pdb,197882,faf924e8a8e8cb07d8c7c4ff6d47f54f53db6037a4929323fe9201d6c6a13625,molecular_docking,release metadata or module provenance,final,yes,
analysis/molecular_docking/prepared/MMP9/receptor_pH7.4.pdb,198449,4cf1e2d2e44ca669828de3376042517c57056749e60f3c423053f46842b170b6,molecular_docking,release metadata or module provenance,final,yes,
analysis/molecular_docking/prepared/MMP9/receptor_raw_chainA_metals_retained.pdb,103526,28cda913aa93f25b6ee8d4b8a9f9fe913c28819dde9c7aa5f3be58ef2653f78f,molecular_docking,release metadata or module provenance,final,yes,
analysis/molecular_docking/prepared/NR3C2/native_ligand_crystal.pdb,2712,0e704708565a3a38d035ddba199298cbb5ee0bec5ee58be11aee22e87cf6883f,molecular_docking,release metadata or module provenance,final,yes,
analysis/molecular_docking/prepared/NR3C2/native_ligand_crystal.sdf,2303,2275f1e61105d388a5aadf5ccd76c68d5f8eb3c3e79adf423af46c99121bd7a0,molecular_docking,release metadata or module provenance,final,yes,
analysis/molecular_docking/prepared/NR3C2/receptor.pdbqt,201100,041b1c69cd30763f3a8ffa6e40b808c687d620503bd70e4f2571df7bb3e0d061,molecular_docking,release metadata or module provenance,final,yes,
analysis/molecular_docking/prepared/NR3C2/receptor_for_openbabel.pdb,334610,31c04fcf864087ff0d903ad5b5294a79647d83ad5fd63b26326a81ecd6e63bb8,molecular_docking,release metadata or module provenance,final,yes,
analysis/molecular_docking/prepared/NR3C2/receptor_pH7.4.pdb,334610,31c04fcf864087ff0d903ad5b5294a79647d83ad5fd63b26326a81ecd6e63bb8,molecular_docking,release metadata or module provenance,final,yes,
analysis/molecular_docking/prepared/NR3C2/receptor_raw_chainA_metals_retained.pdb,163628,bf6545e0eaf35d0b9c7ad5d20161799194336f231a68a57cfe0a927f9921d8d3,molecular_docking,release metadata or module provenance,final,yes,
analysis/molecular_docking/prepared/receptor_and_grid_metadata.csv,1086,6536a974f5931e15022c43f68209fec111be1d8a76e6c75a510bab856d4d876d,molecular_docking,release metadata or module provenance,final,yes,
analysis/molecular_docking/redocking_validation.csv,572,8874b8429533f6ca76ddd9b7320269fc793decce08ca0ed14de98591e1dcdb5d,molecular_docking,release metadata or module provenance,final,yes,
analysis/molecular_docking/results/candidate_docking/MMP9/MOL000006/MOL000006.pdbqt,2608,1662ad8a09f6c1064b4ffc53ae3e0ecb9bfe02d6e999907e91d1f66242924a24,molecular_docking,frozen final result,final,yes,
analysis/molecular_docking/results/candidate_docking/MMP9/MOL000006/MOL000006_docked.pdbqt,56551,24431e7563eb0f83e87135a1ae4046cb203c8ba9f491418a80e326a64340b228,molecular_docking,frozen final result,final,yes,
analysis/molecular_docking/results/candidate_docking/MMP9/MOL000006/MOL000006_docked.sdf,56385,8d45cebb9379e535f7c52f17b3e7f44fb3f08564f7eda81d6f7aba8cc09d17cb,molecular_docking,frozen final result,final,yes,
analysis/molecular_docking/results/candidate_docking/MMP9/MOL000006/MOL000006_pH7.4_MMFF94_minimized.sdf,6029,248de3e7cc55e673ffb6aba333d4a10ac2c4de01e138f3b23cde77e2a97784b4,molecular_docking,frozen final result,final,yes,
analysis/molecular_docking/results/candidate_docking/NR3C2/MOL000449/MOL000449.pdbqt,3262,ee4c74e795366a53308789b009d284f77da25b924a972f910226412e2a58bb8c,molecular_docking,frozen final result,final,yes,
analysis/molecular_docking/results/candidate_docking/NR3C2/MOL000449/MOL000449_docked.pdbqt,55703,c5f8cc27b31f7b09a8d16a7261e7a5c6a6909eaa2523533c0601e244de19b93e,molecular_docking,frozen final result,final,yes,
analysis/molecular_docking/results/candidate_docking/NR3C2/MOL000449/MOL000449_docked.sdf,107705,393050f2b7d38c649639ba01da137b55fa25cfaa66e3db95dbf121acac55a345,molecular_docking,frozen final result,final,yes,
analysis/molecular_docking/results/candidate_docking/NR3C2/MOL000449/MOL000449_pH7.4_MMFF94_minimized.sdf,9865,543ee3a9e2652e131493d9269c589ba6673cb2b86ad289c566fd00bcfc25a3b0,molecular_docking,frozen final result,final,yes,
analysis/molecular_docking/results/candidate_docking/NR3C2/MOL004355/MOL004355.pdbqt,3261,3f862bbcb9d392c49c6c1a1eafccc30cd2fd5138c9dfcefde3da433a852d0c31,molecular_docking,frozen final result,final,yes,
analysis/molecular_docking/results/candidate_docking/NR3C2/MOL004355/MOL004355_docked.pdbqt,41763,626651312df83ab0b291fcae6c163b01b69f8aeae7daac42909c1934d16e0664,molecular_docking,frozen final result,final,yes,
analysis/molecular_docking/results/candidate_docking/NR3C2/MOL004355/MOL004355_docked.sdf,80783,e31676695b75b1e5fd22664deb74399e12e25de1169d1ea6982db75267c96c1a,molecular_docking,frozen final result,final,yes,
analysis/molecular_docking/results/candidate_docking/NR3C2/MOL004355/MOL004355_pH7.4_MMFF94_minimized.sdf,10121,4ea4af542251655199c28d757ff8445a63088454bce85663e08f578b0c6c6223,molecular_docking,frozen final result,final,yes,
analysis/molecular_docking/results/candidate_docking/NR3C2/MOL008407/MOL008407.pdbqt,3133,8d086b6e9c6e77a097a77004f1b082a55469e99e6690098e3e2ff962e80b2491,molecular_docking,frozen final result,final,yes,
analysis/molecular_docking/results/candidate_docking/NR3C2/MOL008407/MOL008407_docked.pdbqt,50286,952e6f20b240638aaa7a1085d65898a552f732329523789cfbb87152a0111582,molecular_docking,frozen final result,final,yes,
analysis/molecular_docking/results/candidate_docking/NR3C2/MOL008407/MOL008407_docked.sdf,98485,57c0badb38a653c83e15343e6f52b2081c16b0c1568840c2f9ae94fdd3055cd4,molecular_docking,frozen final result,final,yes,
analysis/molecular_docking/results/candidate_docking/NR3C2/MOL008407/MOL008407_pH7.4_MMFF94_minimized.sdf,9986,54a8726c294047d578a4498bf10e15524ecb663145eafa08f086c7e212148838,molecular_docking,frozen final result,final,yes,
analysis/molecular_docking/results/redocking/MMP9/all_pose_rmsd_affinity.csv,588,9353752018d23ddeb0891599a7435088b022db58fecfd671042b5d37b719979f,molecular_docking,frozen final result,final,yes,
analysis/molecular_docking/results/redocking/MMP9/native_ligand.pdbqt,2784,90b0d024962f4c7f9c029d713472303d6f2db8cddea209c7afead9012e0a7455,molecular_docking,frozen final result,final,yes,
analysis/molecular_docking/results/redocking/MMP9/native_ligand_pH7.4.sdf,4763,af4b3462ce871aeb78d5c1bd3d071742f0e0b571c485246bdf4380a61fa781a8,molecular_docking,frozen final result,final,yes,
analysis/molecular_docking/results/redocking/MMP9/native_redocked.pdbqt,57067,cfd350efbdd2a186fa47e88118ec494f05d382ba7d5f58a379b638cbaf704d6d,molecular_docking,frozen final result,final,yes,
analysis/molecular_docking/results/redocking/MMP9/native_redocked.sdf,84344,864c70c0c768b78ad5d53d100f5061aeea9e9202be65ef5a9ba077c5f67a6382,molecular_docking,frozen final result,final,yes,
analysis/molecular_docking/results/redocking/NR3C2/all_pose_rmsd_affinity.csv,212,6d77bd1039e338eac6358a7439eb748807a8bd791ec60abdac1df8647735c8f3,molecular_docking,frozen final result,final,yes,
analysis/molecular_docking/results/redocking/NR3C2/native_ligand.pdbqt,2787,f6c6c708899179c643c1123a70b7b8e33c0f8020a5a71c66d1eed89d6d792d43,molecular_docking,frozen final result,final,yes,
analysis/molecular_docking/results/redocking/NR3C2/native_ligand_pH7.4.sdf,4965,671ccab8e8dba986a786d88173d2a776cfd81a196b07b13abe7a2345a17594f5,molecular_docking,frozen final result,final,yes,
analysis/molecular_docking/results/redocking/NR3C2/native_redocked.pdbqt,18036,cb850c666f1268b5a33c5ff6f75c6d7bc323013fd3907fd7ca2e6e838cc04432,molecular_docking,frozen final result,final,yes,
analysis/molecular_docking/results/redocking/NR3C2/native_redocked.sdf,27524,eab5af8c9c7e3f9e3c20863fe10d37f662264bd5b8a125c4ed014ffdb24bbf50,molecular_docking,frozen final result,final,yes,
analysis/molecular_docking/scripts/00_fetch_inputs.sh,1124,13e18964341cc8dcb730ba9df682f1b83e8e8fe0900fe5e9c15b4f6e71e10036,molecular_docking,analysis or rendering script,final,yes,
analysis/molecular_docking/scripts/01_prepare_receptors.py,8777,5d5404d606b191be0adac877498828502890a7bfde71221acf93abce75531763,molecular_docking,analysis or rendering script,final,yes,
analysis/molecular_docking/scripts/02_run_docking.py,8030,c365ee6131c16aefd84b619647c1566f83746c01f301b475011fe50129eb348e,molecular_docking,analysis or rendering script,final,yes,
analysis/molecular_docking/scripts/03_analyze_and_compare.py,3532,d764f731a98567f14de440f5b0f2681ac067d8c95b36e245cf16e68a7f3b990d,molecular_docking,analysis or rendering script,final,yes,
analysis/molecular_docking/scripts/04_validate_outputs.py,1427,316cb13373de70a45fc39ec15abf63b36587a23a269ab5eb1363059f4b4f459c,molecular_docking,analysis or rendering script,final,yes,
analysis/molecular_docking/scripts/run_all.sh,1020,c2cc5dd2851f338c04cd9540edfe43a8b0a06bb85bcad4374772784cfaa02b44,molecular_docking,analysis or rendering script,final,yes,
analysis/molecular_docking/software_versions.txt,142,2cf7c9100510063ea21e28c09602b958f063722ac06e472c498401e9675dcfa5,molecular_docking,release metadata or module provenance,final,yes,
analysis/molecular_docking/source_provenance.csv,1233,ee467a4b7e4e4a88e0bff333ef3b5a60a063e775ca72665949c38fefe81745e9,molecular_docking,release metadata or module provenance,final,yes,
analysis/network_pharmacology/README.md,1475,706872dec32a1311db3e3ed48df6023a0a9dcf7196f0547fd41b6a48d852714d,network_pharmacology,documentation,final,yes,
analysis/network_pharmacology/data/derived/Codonopsis_mountain_sickness_54_targets.csv,343,b5257389de4ef40053176e821e1f91a7430f5a3123bed11cad74fed7951708d0,network_pharmacology,derived or reference input,final,yes,
analysis/network_pharmacology/data/derived/Fig1A_54_overlap_genes.csv,291,17adf1c12272a7c37d306a7473b0a5667277554e1bb94ad3b0820e313d62cad4,network_pharmacology,derived or reference input,final,yes,
analysis/network_pharmacology/data/derived/Fig1A_overlap_counts.csv,58,f2e5e91bc5a49db9ba254142e339d36fc7aeb954f308b712312dfff4c10a7c7a,network_pharmacology,derived or reference input,final,yes,
analysis/network_pharmacology/data/derived/Fig1B_all_543_STRING_edges.csv,50154,9447ba0f79605a1cbd25ef81eb1f344f84e718316531b9a4a4cac22e6de00ec2,network_pharmacology,derived or reference input,final,yes,STRING-derived output retained under CC BY 4.0 with attribution in DATA_PROVENANCE.md
analysis/network_pharmacology/data/derived/Fig1B_all_nodes_frozen_metrics.csv,8876,338a10c2f5b6c26d1948c722495d2b5ade5315bc9b45e0fd863068cefe067d5f,network_pharmacology,derived or reference input,final,yes,STRING-derived output retained under CC BY 4.0 with attribution in DATA_PROVENANCE.md
analysis/network_pharmacology/data/derived/Fig1C_top15_degree.csv,2843,744a0eecef96512ba5f47d353eb7fe31bc734f2910861cbb1e7c2bdc41d18aae,network_pharmacology,derived or reference input,final,yes,STRING-derived output retained under CC BY 4.0 with attribution in DATA_PROVENANCE.md
analysis/network_pharmacology/data/derived/Fig1D_selected_enrichment.csv,796,f15aed50a10adc296a28a69ed0148a1e04218380bbf6198ce5c859cd0bf9548f,network_pharmacology,derived or reference input,final,yes,
analysis/network_pharmacology/data/derived/Fig1_frozen_source_manifest.csv,455,0d195a8b077f69a4567717715ccbd6de7800047e99342e8d8429c42b3482a58c,network_pharmacology,derived or reference input,final,yes,
analysis/network_pharmacology/results/Supplementary_Tables_S1_review.xlsx,13899,767044523ec611b5dc4bcf52da4907dc4f1f1b0ffcd28bb5658e3a67b3fd11d1,network_pharmacology,frozen final result,final,yes,
analysis/network_pharmacology/results/figures/Fig1_final_candidate.pdf,46729,0e7d91022f661d759d41ba1428d06bad3efdbad50a9cb8167dd808187844a7a2,network_pharmacology,frozen final result,final,yes,
analysis/network_pharmacology/results/figures/Fig1_legend_candidate.md,1213,1cb152a8b8bff8103a534cbf1faa4d0e94a7bdc8290ae11fe45ecda091a470b7,network_pharmacology,frozen final result,final,yes,
analysis/network_pharmacology/scripts/draw_Fig1_final_candidate.py,12543,15dd949c11d6e528c9106971a96d13976a8e59a3ec23c0bd3e45f0b8c8e39703,network_pharmacology,analysis or rendering script,final,yes,
analysis/network_pharmacology/scripts/retrieve_current_STRING_network.py,2316,dba679336b3e60ac3a6d48ea389ad6dc331e3029c915d071d7d56d364023f881,network_pharmacology,analysis or rendering script,final,yes,
analysis/single_cell/README.md,2009,1dc080ce3e6dcbae95e1527635c8c06fdfe869fccdf6df349c7fb8394005ca59,single_cell,documentation,final,yes,
analysis/single_cell/external_data_manifest.csv,472,caaef9ebdfcec10e4a5f0a0b19cdc988cb0d29f462aee800e947e50fe391acc0,single_cell,release metadata or module provenance,final,yes,
analysis/single_cell/results/candidate_gene_celltype_dotplot.pdf,36105,fadff209296b7e6d5f323e6a6dc1d2268490517085a38c0505ad2f126a8c40b2,single_cell,frozen final result,final,yes,
analysis/single_cell/results/candidate_gene_celltype_dotplot.png,440802,a60df817198c4b384d958c5c91778add4e04ec24a2d6f0fece5d97c9be951ef0,single_cell,frozen final result,final,yes,
analysis/single_cell/results/single_cell_all54_expression_by_celltype.csv,72928,3714314345a8512cf422e162344f1f8838bbda3a6dd74a41a58678cb61f76887,single_cell,frozen final result,final,yes,
analysis/single_cell/results/single_cell_all54_gene_coverage.csv,2747,d004a78bdb4684369d2bb8d82b16143905de27f3ca8e562fdca3383aeb40161c,single_cell,frozen final result,final,yes,
analysis/single_cell/results/single_cell_all54_major_celltypes.csv,7427,17e384eb5ae2fc6e97e80280693e528f28d45fae35049be331aaefb6883abe18,single_cell,frozen final result,final,yes,
analysis/single_cell/results/single_cell_dataset_summary.csv,397,316691782ce245c077ac2ad0b7d6389310eb051d9ff82f46df1bd306b6a84a59,single_cell,frozen final result,final,yes,
analysis/single_cell/results/single_cell_donor_cell_counts.csv,235,1ea374b6e07cc59da716213fd3124fb83f53c7abae86028402dd2bdf0eda3922,single_cell,frozen final result,final,yes,
analysis/single_cell/results/single_cell_input_md5.csv,304,5af1835c080f5f84ec8140e3b95336f39fcf0b9e6f47ea76873c36ee9e987bfc,single_cell,frozen final result,final,yes,
analysis/single_cell/results/single_cell_revised_candidate_expression_by_celltype.csv,10594,0d648b8c0bb11a1f8c76d80c54d4220c9e5588825f5d2eeeef54b96ecda262d0,single_cell,frozen final result,final,yes,
analysis/single_cell/results/single_cell_sessionInfo.txt,1226,701e754f882fbade995e92adb6ac2c918f9d00362903fba8a0d384886b7bc47b,single_cell,frozen final result,final,yes,
analysis/single_cell/scripts/01_single_cell_candidate_localization.R,8502,92a10ab46d808828681cff18f50c1f7a855b004cf28565515e2d9dc190e28737,single_cell,analysis or rendering script,final,yes,
environment/README.md,865,a2c384d0181bf87685a3760980d88efca1a0c04b5d48893449cbb30f53d65914,repository,documentation,final,yes,
external_data/THIRD_PARTY_INPUTS.csv,2224,5f52157abb9566b0211a7c09c72b1ac12402a7210fbe40c1494b9253ed9ea138,repository,release metadata or module provenance,final,yes,
tools/update_repository_manifest.py,3255,e4a454182ec4b551e983def9893009b1b14f73717d79bad48ce4effe83fcef86,repository,release metadata or module provenance,final,yes,
