gsm,subject_id,condition,source_file,pair_gsm
GSM2786691,subject_01,plain,GSM2786691_Plain1.txt,GSM2786702
GSM2786692,subject_02,plain,GSM2786692_Plain2.txt,GSM2786703
GSM2786693,subject_03,plain,GSM2786693_Plain3.txt,GSM2786704
GSM2786694,subject_04,plain,GSM2786694_Plain4.txt,GSM2786705
GSM2786695,subject_05,plain,GSM2786695_Plain5.txt,GSM2786706
GSM2786696,subject_06,plain,GSM2786696_Plain6.txt,GSM2786707
GSM2786697,subject_07,plain,GSM2786697_Plain7.txt,GSM2786708
GSM2786698,subject_08,plain,GSM2786698_Plain8.txt,GSM2786709
GSM2786699,subject_09,plain,GSM2786699_Plain9.txt,GSM2786710
GSM2786700,subject_10,plain,GSM2786700_Plain10.txt,GSM2786711
GSM2786701,subject_11,plain,GSM2786701_Plain11.txt,GSM2786712
GSM2786702,subject_01,high_altitude,GSM2786702_Highaltitude1.txt,GSM2786691
GSM2786703,subject_02,high_altitude,GSM2786703_Highaltitude2.txt,GSM2786692
GSM2786704,subject_03,high_altitude,GSM2786704_Highaltitude3.txt,GSM2786693
GSM2786705,subject_04,high_altitude,GSM2786705_Highaltitude4.txt,GSM2786694
GSM2786706,subject_05,high_altitude,GSM2786706_Highaltitude5.txt,GSM2786695
GSM2786707,subject_06,high_altitude,GSM2786707_Highaltitude6.txt,GSM2786696
GSM2786708,subject_07,high_altitude,GSM2786708_Highaltitude7.txt,GSM2786697
GSM2786709,subject_08,high_altitude,GSM2786709_Highaltitude8.txt,GSM2786698
GSM2786710,subject_09,high_altitude,GSM2786710_Highaltitude9.txt,GSM2786699
GSM2786711,subject_10,high_altitude,GSM2786711_Highaltitude10.txt,GSM2786700
GSM2786712,subject_11,high_altitude,GSM2786712_Highaltitude11.txt,GSM2786701
