"method","FPR","TPR","method_label"
"LASSO",0,0,"LASSO (AUC 0.942)"
"LASSO",0,0.0909090909090909,"LASSO (AUC 0.942)"
"LASSO",0,0.181818181818182,"LASSO (AUC 0.942)"
"LASSO",0,0.272727272727273,"LASSO (AUC 0.942)"
"LASSO",0,0.363636363636364,"LASSO (AUC 0.942)"
"LASSO",0.0909090909090909,0.363636363636364,"LASSO (AUC 0.942)"
"LASSO",0.0909090909090909,0.454545454545455,"LASSO (AUC 0.942)"
"LASSO",0.0909090909090909,0.545454545454545,"LASSO (AUC 0.942)"
"LASSO",0.0909090909090909,0.636363636363636,"LASSO (AUC 0.942)"
"LASSO",0.0909090909090909,0.727272727272727,"LASSO (AUC 0.942)"
"LASSO",0.0909090909090909,0.818181818181818,"LASSO (AUC 0.942)"
"LASSO",0.0909090909090909,0.909090909090909,"LASSO (AUC 0.942)"
"LASSO",0.0909090909090909,1,"LASSO (AUC 0.942)"
"LASSO",0.181818181818182,1,"LASSO (AUC 0.942)"
"LASSO",0.272727272727273,1,"LASSO (AUC 0.942)"
"LASSO",0.363636363636364,1,"LASSO (AUC 0.942)"
"LASSO",0.454545454545455,1,"LASSO (AUC 0.942)"
"LASSO",0.545454545454545,1,"LASSO (AUC 0.942)"
"LASSO",0.636363636363636,1,"LASSO (AUC 0.942)"
"LASSO",0.727272727272727,1,"LASSO (AUC 0.942)"
"LASSO",0.818181818181818,1,"LASSO (AUC 0.942)"
"LASSO",0.909090909090909,1,"LASSO (AUC 0.942)"
"LASSO",1,1,"LASSO (AUC 0.942)"
"LASSO",1,1,"LASSO (AUC 0.942)"
"ElasticNet",0,0,"ElasticNet (AUC 0.992)"
"ElasticNet",0,0.0909090909090909,"ElasticNet (AUC 0.992)"
"ElasticNet",0,0.181818181818182,"ElasticNet (AUC 0.992)"
"ElasticNet",0,0.272727272727273,"ElasticNet (AUC 0.992)"
"ElasticNet",0,0.363636363636364,"ElasticNet (AUC 0.992)"
"ElasticNet",0,0.454545454545455,"ElasticNet (AUC 0.992)"
"ElasticNet",0,0.545454545454545,"ElasticNet (AUC 0.992)"
"ElasticNet",0,0.636363636363636,"ElasticNet (AUC 0.992)"
"ElasticNet",0,0.727272727272727,"ElasticNet (AUC 0.992)"
"ElasticNet",0,0.818181818181818,"ElasticNet (AUC 0.992)"
"ElasticNet",0,0.909090909090909,"ElasticNet (AUC 0.992)"
"ElasticNet",0.0909090909090909,0.909090909090909,"ElasticNet (AUC 0.992)"
"ElasticNet",0.0909090909090909,1,"ElasticNet (AUC 0.992)"
"ElasticNet",0.181818181818182,1,"ElasticNet (AUC 0.992)"
"ElasticNet",0.272727272727273,1,"ElasticNet (AUC 0.992)"
"ElasticNet",0.363636363636364,1,"ElasticNet (AUC 0.992)"
"ElasticNet",0.454545454545455,1,"ElasticNet (AUC 0.992)"
"ElasticNet",0.545454545454545,1,"ElasticNet (AUC 0.992)"
"ElasticNet",0.636363636363636,1,"ElasticNet (AUC 0.992)"
"ElasticNet",0.727272727272727,1,"ElasticNet (AUC 0.992)"
"ElasticNet",0.818181818181818,1,"ElasticNet (AUC 0.992)"
"ElasticNet",0.909090909090909,1,"ElasticNet (AUC 0.992)"
"ElasticNet",1,1,"ElasticNet (AUC 0.992)"
"ElasticNet",1,1,"ElasticNet (AUC 0.992)"
"RF",0,0,"RF (AUC 0.983)"
"RF",0,0.0909090909090909,"RF (AUC 0.983)"
"RF",0,0.181818181818182,"RF (AUC 0.983)"
"RF",0,0.272727272727273,"RF (AUC 0.983)"
"RF",0,0.363636363636364,"RF (AUC 0.983)"
"RF",0,0.454545454545455,"RF (AUC 0.983)"
"RF",0,0.545454545454545,"RF (AUC 0.983)"
"RF",0,0.636363636363636,"RF (AUC 0.983)"
"RF",0,0.727272727272727,"RF (AUC 0.983)"
"RF",0,0.818181818181818,"RF (AUC 0.983)"
"RF",0.0909090909090909,0.818181818181818,"RF (AUC 0.983)"
"RF",0.0909090909090909,0.909090909090909,"RF (AUC 0.983)"
"RF",0.0909090909090909,1,"RF (AUC 0.983)"
"RF",0.181818181818182,1,"RF (AUC 0.983)"
"RF",0.272727272727273,1,"RF (AUC 0.983)"
"RF",0.363636363636364,1,"RF (AUC 0.983)"
"RF",0.454545454545455,1,"RF (AUC 0.983)"
"RF",0.545454545454545,1,"RF (AUC 0.983)"
"RF",0.636363636363636,1,"RF (AUC 0.983)"
"RF",0.727272727272727,1,"RF (AUC 0.983)"
"RF",0.818181818181818,1,"RF (AUC 0.983)"
"RF",0.909090909090909,1,"RF (AUC 0.983)"
"RF",1,1,"RF (AUC 0.983)"
"RF",1,1,"RF (AUC 0.983)"
"SVM",0,0,"SVM (AUC 1.000)"
"SVM",0,0.0909090909090909,"SVM (AUC 1.000)"
"SVM",0,0.181818181818182,"SVM (AUC 1.000)"
"SVM",0,0.272727272727273,"SVM (AUC 1.000)"
"SVM",0,0.363636363636364,"SVM (AUC 1.000)"
"SVM",0,0.454545454545455,"SVM (AUC 1.000)"
"SVM",0,0.545454545454545,"SVM (AUC 1.000)"
"SVM",0,0.636363636363636,"SVM (AUC 1.000)"
"SVM",0,0.727272727272727,"SVM (AUC 1.000)"
"SVM",0,0.818181818181818,"SVM (AUC 1.000)"
"SVM",0,0.909090909090909,"SVM (AUC 1.000)"
"SVM",0,1,"SVM (AUC 1.000)"
"SVM",0.0909090909090909,1,"SVM (AUC 1.000)"
"SVM",0.181818181818182,1,"SVM (AUC 1.000)"
"SVM",0.272727272727273,1,"SVM (AUC 1.000)"
"SVM",0.363636363636364,1,"SVM (AUC 1.000)"
"SVM",0.454545454545455,1,"SVM (AUC 1.000)"
"SVM",0.545454545454545,1,"SVM (AUC 1.000)"
"SVM",0.636363636363636,1,"SVM (AUC 1.000)"
"SVM",0.727272727272727,1,"SVM (AUC 1.000)"
"SVM",0.818181818181818,1,"SVM (AUC 1.000)"
"SVM",0.909090909090909,1,"SVM (AUC 1.000)"
"SVM",1,1,"SVM (AUC 1.000)"
"SVM",1,1,"SVM (AUC 1.000)"
"Ensemble",0,0,"Ensemble (AUC 1.000)"
"Ensemble",0,0.0909090909090909,"Ensemble (AUC 1.000)"
"Ensemble",0,0.181818181818182,"Ensemble (AUC 1.000)"
"Ensemble",0,0.272727272727273,"Ensemble (AUC 1.000)"
"Ensemble",0,0.363636363636364,"Ensemble (AUC 1.000)"
"Ensemble",0,0.454545454545455,"Ensemble (AUC 1.000)"
"Ensemble",0,0.545454545454545,"Ensemble (AUC 1.000)"
"Ensemble",0,0.636363636363636,"Ensemble (AUC 1.000)"
"Ensemble",0,0.727272727272727,"Ensemble (AUC 1.000)"
"Ensemble",0,0.818181818181818,"Ensemble (AUC 1.000)"
"Ensemble",0,0.909090909090909,"Ensemble (AUC 1.000)"
"Ensemble",0,1,"Ensemble (AUC 1.000)"
"Ensemble",0.0909090909090909,1,"Ensemble (AUC 1.000)"
"Ensemble",0.181818181818182,1,"Ensemble (AUC 1.000)"
"Ensemble",0.272727272727273,1,"Ensemble (AUC 1.000)"
"Ensemble",0.363636363636364,1,"Ensemble (AUC 1.000)"
"Ensemble",0.454545454545455,1,"Ensemble (AUC 1.000)"
"Ensemble",0.545454545454545,1,"Ensemble (AUC 1.000)"
"Ensemble",0.636363636363636,1,"Ensemble (AUC 1.000)"
"Ensemble",0.727272727272727,1,"Ensemble (AUC 1.000)"
"Ensemble",0.818181818181818,1,"Ensemble (AUC 1.000)"
"Ensemble",0.909090909090909,1,"Ensemble (AUC 1.000)"
"Ensemble",1,1,"Ensemble (AUC 1.000)"
"Ensemble",1,1,"Ensemble (AUC 1.000)"
