"gene","LASSO_frequency","ElasticNet_frequency","RF_frequency","SVM_frequency","number_of_methods_supported","mean_frequency"
"MAPK14",0,0.7,0,0.31,1,0.2525
"CD40",0.03,0.725,0.015,0.26,1,0.2575
"CDKN2A",0,0.72,0.095,0.29,1,0.27625
"IL1B",0,0.725,0.155,0.255,1,0.28375
"PTGER3",0.035,0.735,0.175,0.325,1,0.3175
"CXCL8",0.015,0.91,0.035,0.34,1,0.325
"CYCS",0.065,0.885,0.095,0.395,1,0.36
"ESR1",0,0.9,0.28,0.57,1,0.4375
"SERPINE1",0.245,0.915,0.19,0.51,1,0.465
"FCER2",0.435,0.98,0.08,0.71,2,0.55125
"HMOX1",0.345,1,0.42,0.61,2,0.59375
"PGM1",0.45,0.985,0.715,0.55,2,0.675
"GATA1",0,0.9,0.67,0.655,3,0.55625
"CA2",0.04,0.915,0.79,0.675,3,0.605
"HBB",0.11,0.9,0.71,0.78,3,0.625
"APP",0.465,1,0.65,0.74,3,0.71375
"BCL2",0.64,1,0.665,0.78,4,0.77125
"SNCA",0.97,1,0.795,0.935,4,0.925
"ATM",0.975,1,0.93,0.91,4,0.95375
