"","high_AMS","high_non-AMS","low_AMS","low_non-AMS"
"MEmagenta",0.329298493223581,0.310400232458731,0.0670551870315898,0.0737104639625871
"MEgreenyellow",0.331925132648414,0.190938291004809,0.0424067553402501,0.0969745479218534
"MEpurple",0.926556736606723,0.826566441981021,0.279446180889212,0.157236813405272
"MEblack",0.411709851272593,0.372588468267405,0.0658757815884639,0.0783376882741784
"MEpink",0.697846374960706,0.77236038369553,0.123350523110962,0.0987867755999765
"MEbrown",0.701101931337945,0.32624797393642,0.0305030190100344,0.137086395602703
"MEyellow",0.395797892556259,0.373484158240872,0.105325392498869,0.115151675711811
"MEturquoise",0.787023809239615,0.576176923601622,0.0607881439169022,0.121230812666129
"MEblue",0.697341545064901,0.654764620318825,0.118859526513989,0.134746392643846
"MEgreen",0.796847325427434,0.166754590997539,0.133548576633272,0.714857549276403
"MEred",0.937634527608384,0.389100021702436,0.992399299749592,0.351137468731142
"MEgrey",0.424067958432365,0.230749267522505,0.270952731146759,0.480837903266258
