"module","Pearson_r","P_value","n_samples","AMS_samples","non_AMS_samples","BH_adjusted_P_12_tests"
"MEmagenta",0.560702748940682,0.0101188488028652,20,10,10,0.0607130928171912
"MEgreenyellow",0.594563127172246,0.0056950959676164,20,10,10,0.0607130928171912
"MEpurple",0.239231110282151,0.309708324833577,20,10,10,0.337863627091175
"MEblack",0.531216897569608,0.0159435065440131,20,10,10,0.0619414972460174
"MEpink",0.388545128829148,0.0904532540199638,20,10,10,0.121381703192509
"MEbrown",0.498627901955155,0.0252315140613098,20,10,10,0.0619414972460174
"MEyellow",0.496940414346877,0.0258089571858406,20,10,10,0.0619414972460174
"MEturquoise",0.425179647048352,0.0616447545456415,20,10,10,0.121381703192509
"MEblue",0.392177498812372,0.0872221867384958,20,10,10,0.121381703192509
"MEgreen",-0.35398927121734,0.125712303206867,20,10,10,0.15085476384824
"MEred",0.0142214702599081,0.952547637254319,20,10,10,0.952547637254319
"MEgrey",0.387899894271976,0.0910362773943819,20,10,10,0.121381703192509
