"module_label","module_color","module_size","overlapping_targets","targets_in_filtered_universe","odds_ratio","P_value","BH_FDR"
6,"red",59,1,13,3.93156593362396,0.24153386432169,1
2,"blue",561,4,13,1.78691860906004,0.251252475746109,1
5,"green",115,1,13,1.96062428161056,0.419815838293068,1
1,"turquoise",1147,6,13,1.2439128046309,0.449775806473241,1
3,"brown",504,1,13,0.380144633343172,0.92390689550504,1
0,"grey",63,0,13,0,1,1
4,"yellow",156,0,13,0,1,1
7,"black",57,0,13,0,1,1
8,"pink",50,0,13,0,1,1
9,"magenta",45,0,13,0,1,1
10,"purple",29,0,13,0,1,1
11,"greenyellow",24,0,13,0,1,1
