"gene","LASSO_frequency","ElasticNet_frequency","RF_frequency","SVM_frequency","number_of_methods_supported"
"ATM",0.975,1,0.93,0.91,4
"SNCA",0.97,1,0.795,0.935,4
"BCL2",0.64,1,0.665,0.78,4
"APP",0.465,1,0.65,0.74,3
"HBB",0.11,0.9,0.71,0.78,3
"CA2",0.04,0.915,0.79,0.675,3
"GATA1",0,0.9,0.67,0.655,3
"PGM1",0.45,0.985,0.715,0.55,2
"HMOX1",0.345,1,0.42,0.61,2
"FCER2",0.435,0.98,0.08,0.71,2
"SERPINE1",0.245,0.915,0.19,0.51,1
"ESR1",0,0.9,0.28,0.57,1
"CYCS",0.065,0.885,0.095,0.395,1
"CXCL8",0.015,0.91,0.035,0.34,1
"PTGER3",0.035,0.735,0.175,0.325,1
"IL1B",0,0.725,0.155,0.255,1
"CDKN2A",0,0.72,0.095,0.29,1
"CD40",0.03,0.725,0.015,0.26,1
"MAPK14",0,0.7,0,0.31,1
"NR3C2",0.02,0.595,0.26,0.25,0
"NR3C1",0.03,0.52,0.135,0.205,0
"ADRB2",0.02,0.545,0,0.175,0
"CASP9",0,0.475,0.025,0.15,0
"HP",0,0.4,0.05,0.16,0
"TP53",0,0.39,0,0.16,0
"TSHR",0.01,0.37,0.025,0.1,0
"AKR1B1",0,0.315,0.005,0.135,0
"ABCB1",0,0.215,0.085,0.07,0
"MMP9",0,0.255,0.01,0.08,0
"PTGS2",0,0.215,0,0.09,0
"HIF1A",0,0.14,0.035,0.03,0
"TFRC",0,0.09,0.005,0.05,0
"INSR",0,0.06,0.035,0.03,0
"TIMP1",0,0.055,0.005,0.06,0
"VEGFA",0,0.035,0,0.05,0
"IFNG",0,0.04,0,0.03,0
"NOS3",0,0.02,0.015,0.03,0
"SOD1",0,0,0.01,0.03,0
"IL2RA",0,0,0,0.03,0
"MMP2",NA,NA,NA,NA,0
"IGF1",NA,NA,NA,NA,0
"INS",NA,NA,NA,NA,0
"TIMP3",NA,NA,NA,NA,0
"ADRA2B",NA,NA,NA,NA,0
"EGFR",NA,NA,NA,NA,0
"TF",NA,NA,NA,NA,0
"F7",NA,NA,NA,NA,0
"APOB",NA,NA,NA,NA,0
"TYR",NA,NA,NA,NA,0
"VEGFD",NA,NA,NA,NA,0
"TAC1",NA,NA,NA,NA,0
"CCK",NA,NA,NA,NA,0
"IL13",NA,NA,NA,NA,0
"IL6",NA,NA,NA,NA,0
