"dataset","cell_type","requested_markers","present_markers","genes_present","genes_absent"
"GSE103940","T_cells",6,5,"CD3D;CD3E;CD3G;LCK;IL7R","TRAC"
"GSE103940","B_cells",6,6,"CD19;MS4A1;CD79A;CD79B;CD37;CD74",""
"GSE103940","NK_cells",6,6,"NKG7;GNLY;KLRD1;PRF1;GZMB;NCAM1",""
"GSE103940","Neutrophils",6,6,"FCGR3B;CSF3R;CEACAM8;S100A8;S100A9;FPR1",""
"GSE103940","Monocytes",6,6,"LST1;LILRB1;CTSS;FCN1;TYMP;CTSD",""
"GSE103940","Erythroid_reticulocyte",10,10,"HBB;HBA1;HBA2;ALAS2;AHSP;GYPA;SLC4A1;CA1;EPB42;BPGM",""
"GSE75665","T_cells",6,5,"CD3D;CD3E;CD3G;LCK;IL7R","TRAC"
"GSE75665","B_cells",6,6,"CD19;MS4A1;CD79A;CD79B;CD37;CD74",""
"GSE75665","NK_cells",6,6,"NKG7;GNLY;KLRD1;PRF1;GZMB;NCAM1",""
"GSE75665","Neutrophils",6,6,"FCGR3B;CSF3R;CEACAM8;S100A8;S100A9;FPR1",""
"GSE75665","Monocytes",6,6,"LST1;LILRB1;CTSS;FCN1;TYMP;CTSD",""
"GSE75665","Erythroid_reticulocyte",10,10,"HBB;HBA1;HBA2;ALAS2;AHSP;GYPA;SLC4A1;CA1;EPB42;BPGM",""
"GSE260910","T_cells",6,5,"CD3D;CD3E;CD3G;LCK;IL7R","TRAC"
"GSE260910","B_cells",6,6,"CD19;MS4A1;CD79A;CD79B;CD37;CD74",""
"GSE260910","NK_cells",6,6,"NKG7;GNLY;KLRD1;PRF1;GZMB;NCAM1",""
"GSE260910","Neutrophils",6,6,"FCGR3B;CSF3R;CEACAM8;S100A8;S100A9;FPR1",""
"GSE260910","Monocytes",6,6,"LST1;LILRB1;CTSS;FCN1;TYMP;CTSD",""
"GSE260910","Erythroid_reticulocyte",10,10,"HBB;HBA1;HBA2;ALAS2;AHSP;GYPA;SLC4A1;CA1;EPB42;BPGM",""
