"Power","SFT.R.sq","slope","truncated.R.sq","mean.k.","median.k.","max.k.","negative_slope","meets_R2_0_85","nondegenerate_connectivity","meets_prespecified_rule","within_prespecified_range","selected"
1,0.557952755773277,2.4937237090388,0.769291712027042,3721.4247772365,3876.22403333216,3975.43886641714,FALSE,FALSE,TRUE,FALSE,TRUE,FALSE
2,0.415199993549998,1.32470732258077,0.954057499479567,3344.48640564942,3573.08371040203,3756.1051961692,FALSE,FALSE,TRUE,FALSE,TRUE,FALSE
3,0.366690957940565,0.993037524274285,0.968881420274019,3053.55086502298,3319.98120251223,3577.51993430989,FALSE,FALSE,TRUE,FALSE,TRUE,FALSE
4,0.349676499006567,0.811397961630062,0.975398400560283,2813.23040507374,3099.52248077709,3422.65906607976,FALSE,FALSE,TRUE,FALSE,TRUE,FALSE
5,0.339054966720961,0.721444123975417,0.972126511686608,2607.79304958344,2904.06210930587,3284.34798298747,FALSE,FALSE,TRUE,FALSE,TRUE,FALSE
6,0.323754464304887,0.608886478020187,0.980253901787347,2428.59806391819,2727.22504125336,3158.77547743715,FALSE,FALSE,TRUE,FALSE,TRUE,FALSE
7,0.324408463553695,0.541256461326562,0.970974846840735,2270.16408797701,2567.18599053792,3043.55012680868,FALSE,FALSE,TRUE,FALSE,TRUE,FALSE
8,0.322464512933806,0.507906145878056,0.974468304582768,2128.6825081861,2420.12967334807,2937.00498569075,FALSE,FALSE,TRUE,FALSE,TRUE,FALSE
9,0.307034622465878,0.464964242903474,0.954431491967943,2001.34879983858,2285.18401171172,2837.90012342934,FALSE,FALSE,TRUE,FALSE,TRUE,FALSE
10,0.300433032370958,0.43515339945968,0.931500677990908,1886.01547091999,2160.17654930468,2745.27347975378,FALSE,FALSE,TRUE,FALSE,TRUE,FALSE
11,0.272634477435662,0.376931156189952,0.893114708223191,1780.99128537468,2044.59602836687,2658.35623289728,FALSE,FALSE,TRUE,FALSE,TRUE,FALSE
12,0.249996282437594,0.349593881854854,0.835131653637411,1684.91556521214,1936.30890304118,2576.52027921334,FALSE,FALSE,TRUE,FALSE,TRUE,FALSE
13,0.231567140540613,0.306180635123547,0.779266341165652,1596.67483329288,1837.36898549408,2499.24349522772,FALSE,FALSE,TRUE,FALSE,TRUE,FALSE
14,0.203914968869273,0.273021986244678,0.702749461106961,1515.34510360699,1744.2920871254,2426.08566668391,FALSE,FALSE,TRUE,FALSE,TRUE,FALSE
15,0.169484850008258,0.236053282143188,0.625869698118326,1440.15057576,1657.29952969898,2356.6712088096,FALSE,FALSE,TRUE,FALSE,TRUE,FALSE
16,0.125675517866527,0.199258306681676,0.514044938887574,1370.43327395636,1575.87985257695,2290.67641073747,FALSE,FALSE,TRUE,FALSE,TRUE,FALSE
17,0.0918136199489285,0.160425719904415,0.381749102079294,1305.63023743147,1499.56028205406,2227.8198030945,FALSE,FALSE,TRUE,FALSE,TRUE,FALSE
18,0.0679985623835729,0.130128912498621,0.264926854629776,1245.25606616498,1427.48779547201,2167.85474469555,FALSE,FALSE,TRUE,FALSE,TRUE,FALSE
19,0.0411067154473836,0.097128074799384,0.134400081092235,1188.88935244711,1359.83683013654,2110.56362414867,FALSE,FALSE,TRUE,FALSE,TRUE,FALSE
20,0.0233969250843052,0.0731111133643546,0.0379800480992862,1136.16198758708,1296.05027438752,2055.75326069064,FALSE,FALSE,TRUE,FALSE,TRUE,FALSE
21,0.00947163036950965,0.046869416412611,-0.056940941080156,1086.75063210499,1236.07440601002,2003.25121116538,FALSE,FALSE,TRUE,FALSE,TRUE,FALSE
22,0.00145024033177795,0.018445968386299,-0.120402012379649,1040.36983811801,1180.38791575753,1952.9027721073,FALSE,FALSE,TRUE,FALSE,TRUE,FALSE
23,7.93097491134787e-05,-0.00437995690387833,-0.171878605869114,996.766450078051,1127.02724399022,1904.56852217815,TRUE,FALSE,TRUE,FALSE,TRUE,FALSE
24,0.00582471827818147,-0.0378806086042929,-0.205594468141356,955.715006248254,1077.00951452944,1858.12228965676,TRUE,FALSE,TRUE,FALSE,TRUE,FALSE
25,0.0172830305030113,-0.0678225553189948,-0.227376323033547,917.013931902919,1029.81656321547,1813.44945785622,TRUE,FALSE,TRUE,FALSE,TRUE,FALSE
26,0.0313472274611392,-0.091782746365589,-0.228225703220378,880.482364921182,984.784279792715,1770.44554180129,TRUE,FALSE,TRUE,FALSE,TRUE,FALSE
27,0.0471904953642798,-0.114231461500456,-0.219534627022395,845.957490950462,942.21460971978,1729.01498457468,TRUE,FALSE,TRUE,FALSE,TRUE,FALSE
28,0.0658326684564282,-0.134525149689065,-0.200025072115666,813.292292485576,902.639936584326,1689.07013299648,TRUE,FALSE,TRUE,FALSE,TRUE,FALSE
29,0.0825997738571227,-0.154208958229676,-0.179380859506087,782.353636668735,864.635070371387,1650.53036080526,TRUE,FALSE,TRUE,FALSE,TRUE,FALSE
30,0.103228429714792,-0.178930061311716,-0.148885490248326,753.020642187392,828.505367472756,1613.32131400371,TRUE,FALSE,TRUE,FALSE,TRUE,TRUE
31,0.122425150270174,-0.202955660239563,-0.113357649654153,725.183277615458,794.510224156674,1577.37425803988,TRUE,FALSE,TRUE,FALSE,FALSE,FALSE
32,0.14920838248074,-0.22924588667507,-0.0630825999094857,698.741152826332,761.795452671247,1542.62551039245,TRUE,FALSE,TRUE,FALSE,FALSE,FALSE
33,0.173311688572746,-0.249645973099479,-0.0217911565042723,673.602472366782,731.475550319487,1509.01594518667,TRUE,FALSE,TRUE,FALSE,FALSE,FALSE
34,0.191026511310535,-0.26763728511484,0.0177022688936949,649.683125404122,701.680536538564,1476.49055888553,TRUE,FALSE,TRUE,FALSE,FALSE,FALSE
35,0.207342414789411,-0.287471302937312,0.0509989321852659,626.905891403913,672.834678984761,1444.99808802718,TRUE,FALSE,TRUE,FALSE,FALSE,FALSE
36,0.226942802643752,-0.305556253981212,0.0910757151956271,605.199744329018,645.378679128055,1414.49067152412,TRUE,FALSE,TRUE,FALSE,FALSE,FALSE
37,0.244146731087218,-0.327287809048984,0.121912614065241,584.49924107475,619.826326951136,1384.92355128655,TRUE,FALSE,TRUE,FALSE,FALSE,FALSE
38,0.261753350029553,-0.339954462605661,0.157747098498097,564.743982221875,595.716679266962,1356.25480594449,TRUE,FALSE,TRUE,FALSE,FALSE,FALSE
39,0.273959435514024,-0.355856577647325,0.183216783408493,545.878135116544,572.595874004372,1328.44511326998,TRUE,FALSE,TRUE,FALSE,FALSE,FALSE
40,0.286988789120247,-0.372493161773788,0.21619661492869,527.850010863883,550.17269881988,1301.45753757971,TRUE,FALSE,TRUE,FALSE,FALSE,FALSE
41,0.304956703952189,-0.388108917634248,0.253871453059178,510.611688120154,528.666906249502,1275.25733895848,TRUE,FALSE,TRUE,FALSE,FALSE,FALSE
42,0.316139958086359,-0.406365755180177,0.281588940466999,494.118677641711,508.310141229375,1249.81180160872,TRUE,FALSE,TRUE,FALSE,FALSE,FALSE
43,0.329811733746434,-0.426587882684151,0.309141932469984,478.329622440568,489.34691208967,1225.09007901858,TRUE,FALSE,TRUE,FALSE,FALSE,FALSE
44,0.344085236925682,-0.440383389098057,0.338729620696996,463.206029140228,470.595655418564,1201.06305396504,TRUE,FALSE,TRUE,FALSE,FALSE,FALSE
45,0.357079823293274,-0.454120001252638,0.363514377023587,448.71202674859,453.142183599617,1177.70321164131,TRUE,FALSE,TRUE,FALSE,FALSE,FALSE
46,0.36208342049906,-0.475157372532149,0.378194438399655,434.814149588964,436.777761308932,1154.98452442724,TRUE,FALSE,TRUE,FALSE,FALSE,FALSE
47,0.367003812776686,-0.492433323613434,0.395870502207187,421.48114157281,421.024782160123,1132.88234701684,TRUE,FALSE,TRUE,FALSE,FALSE,FALSE
48,0.376743086168182,-0.506218942677862,0.415647723100518,408.683779372869,405.029687280986,1111.37332078238,TRUE,FALSE,TRUE,FALSE,FALSE,FALSE
49,0.388904690504729,-0.518260913272484,0.430906455703715,396.394712374331,389.890555280496,1090.43528639593,TRUE,FALSE,TRUE,FALSE,FALSE,FALSE
50,0.400680292208796,-0.528879308452505,0.450912488796866,384.588317553803,376.518047027681,1070.04720385065,TRUE,FALSE,TRUE,FALSE,FALSE,FALSE
