"sample_id","subject_id","AMS_status","altitude_status","sample_connectivity","connectivity_Z","mean_inter_sample_distance","robust_distance_Z","outlier","decision"
"GSM1963027","AMS_01","AMS","plain",18.3727161432295,0.484534538281542,51.7506255269735,-0.71168594686675,FALSE,"retain"
"GSM1963028","AMS_02","AMS","plain",18.3161006358106,-0.00212953366296363,54.8940546060356,-0.384407148931662,FALSE,"retain"
"GSM1963029","AMS_03","AMS","plain",18.1834698988128,-1.1422167195772,84.0660813354604,2.65284471875961,FALSE,"retain"
"GSM1963030","AMS_04","AMS","plain",18.372427823305,0.482056154621739,66.3018235650589,0.803315181722707,FALSE,"retain"
"GSM1963031","AMS_05","AMS","plain",18.2116620066452,-0.899878769784417,82.804689457437,2.52151463076291,FALSE,"retain"
"GSM1963032","AMS_01","AMS","high_altitude",18.3745654668901,0.50043123203315,55.0185161548977,-0.371448807872827,FALSE,"retain"
"GSM1963033","AMS_02","AMS","high_altitude",18.3844594728438,0.585479612676116,54.4384729493954,-0.431840131574603,FALSE,"retain"
"GSM1963034","AMS_03","AMS","high_altitude",18.1849604453955,-1.12940405565525,81.0245658480337,2.33617667644354,FALSE,"retain"
"GSM1963035","AMS_04","AMS","high_altitude",18.3103319108358,-0.051717205206314,61.5862256374462,0.312349684338317,FALSE,"retain"
"GSM1963036","AMS_05","AMS","high_altitude",18.0965908912369,-1.88902432620281,64.7072477113285,0.63729557208644,FALSE,"retain"
"GSM1963037","nonAMS_01","non_AMS","plain",18.1552191519865,-1.38505872723154,57.219945864856,-0.14224647784008,FALSE,"retain"
"GSM1963038","nonAMS_02","non_AMS","plain",18.4071650633409,0.780655733689645,59.9524278811542,0.142246477840079,FALSE,"retain"
"GSM1963039","nonAMS_03","non_AMS","plain",18.4398633512816,1.06172858246048,54.465259544735,-0.429051239411612,FALSE,"retain"
"GSM1963040","nonAMS_04","non_AMS","plain",18.464130159209,1.27032485046957,49.7152355281995,-0.923601016484483,FALSE,"retain"
"GSM1963041","nonAMS_05","non_AMS","plain",18.4777889275438,1.38773494036577,49.2427837581055,-0.972790434635699,FALSE,"retain"
"GSM1963042","nonAMS_01","non_AMS","high_altitude",18.2323975223133,-0.721637313530245,78.1621445317104,2.03815506245836,FALSE,"retain"
"GSM1963043","nonAMS_02","non_AMS","high_altitude",18.4036490922273,0.75043262173627,62.4512682246088,0.402413780256689,FALSE,"retain"
"GSM1963044","nonAMS_03","non_AMS","high_altitude",18.1591668813453,-1.35112424298347,68.4657735723641,1.02861530441349,FALSE,"retain"
"GSM1963045","nonAMS_04","non_AMS","high_altitude",18.3684584302721,0.447935450513911,53.8617264729484,-0.491888215618284,FALSE,"retain"
"GSM1963046","nonAMS_05","non_AMS","high_altitude",18.41184417888,0.820877176985945,50.7018220093252,-0.820882351777668,FALSE,"retain"
