gsm,subject_id,ams_status,altitude_status,group,source_file,pair_gsm
GSM1963027,AMS_01,AMS,plain,plain_AMS,GSM1963027_AMSinPlain_rep1.txt,GSM1963032
GSM1963028,AMS_02,AMS,plain,plain_AMS,GSM1963028_AMSinPlain_rep2.txt,GSM1963033
GSM1963029,AMS_03,AMS,plain,plain_AMS,GSM1963029_AMSinPlain_rep3.txt,GSM1963034
GSM1963030,AMS_04,AMS,plain,plain_AMS,GSM1963030_AMSinPlain_rep4.txt,GSM1963035
GSM1963031,AMS_05,AMS,plain,plain_AMS,GSM1963031_AMSinPlain_rep5.txt,GSM1963036
GSM1963032,AMS_01,AMS,high_altitude,high_AMS,GSM1963032_AMSinHighAltitude_rep1.txt,GSM1963027
GSM1963033,AMS_02,AMS,high_altitude,high_AMS,GSM1963033_AMSinHighAltitude_rep2.txt,GSM1963028
GSM1963034,AMS_03,AMS,high_altitude,high_AMS,GSM1963034_AMSinHighAltitude_rep3.txt,GSM1963029
GSM1963035,AMS_04,AMS,high_altitude,high_AMS,GSM1963035_AMSinHighAltitude_rep4.txt,GSM1963030
GSM1963036,AMS_05,AMS,high_altitude,high_AMS,GSM1963036_AMSinHighAltitude_rep5.txt,GSM1963031
GSM1963037,nonAMS_01,non_AMS,plain,plain_non_AMS,GSM1963037_non-AMSinPlain_rep1.txt,GSM1963042
GSM1963038,nonAMS_02,non_AMS,plain,plain_non_AMS,GSM1963038_non-AMSinPlain_rep2.txt,GSM1963043
GSM1963039,nonAMS_03,non_AMS,plain,plain_non_AMS,GSM1963039_non-AMSinPlain_rep3.txt,GSM1963044
GSM1963040,nonAMS_04,non_AMS,plain,plain_non_AMS,GSM1963040_non-AMSinPlain_rep4.txt,GSM1963045
GSM1963041,nonAMS_05,non_AMS,plain,plain_non_AMS,GSM1963041_non-AMSinPlain_rep5.txt,GSM1963046
GSM1963042,nonAMS_01,non_AMS,high_altitude,high_non_AMS,GSM1963042_non-AMSinHighAltitude_rep1.txt,GSM1963037
GSM1963043,nonAMS_02,non_AMS,high_altitude,high_non_AMS,GSM1963043_non-AMSinHighAltitude_rep2.txt,GSM1963038
GSM1963044,nonAMS_03,non_AMS,high_altitude,high_non_AMS,GSM1963044_non-AMSinHighAltitude_rep3.txt,GSM1963039
GSM1963045,nonAMS_04,non_AMS,high_altitude,high_non_AMS,GSM1963045_non-AMSinHighAltitude_rep4.txt,GSM1963040
GSM1963046,nonAMS_05,non_AMS,high_altitude,high_non_AMS,GSM1963046_non-AMSinHighAltitude_rep5.txt,GSM1963041
