"dataset","gene","LASSO_frequency","RF_frequency","SVM_frequency","methods_supported","expression_eligible","stable_any_method"
"GSE75665","PTGER3",NA,NA,NA,0,FALSE,FALSE
"GSE75665","MMP2",NA,NA,NA,0,FALSE,FALSE
"GSE75665","NR3C2",0,0.02,0,0,TRUE,FALSE
"GSE75665","IGF1",NA,NA,NA,0,FALSE,FALSE
"GSE75665","CYCS",0,0.005,0.085,0,TRUE,FALSE
"GSE75665","HMOX1",0,0.02,0,0,TRUE,FALSE
"GSE75665","INS",NA,NA,NA,0,FALSE,FALSE
"GSE75665","IL2RA",0,0.005,0,0,TRUE,FALSE
"GSE75665","TIMP3",NA,NA,NA,0,FALSE,FALSE
"GSE75665","ADRA2B",NA,NA,NA,0,FALSE,FALSE
"GSE75665","EGFR",NA,NA,NA,0,FALSE,FALSE
"GSE75665","SOD1",0,0.025,0,0,TRUE,FALSE
"GSE75665","IFNG",0,0.1,0.085,0,TRUE,FALSE
"GSE75665","BCL2",0,0.02,0.075,0,TRUE,FALSE
"GSE75665","TF",NA,NA,NA,0,FALSE,FALSE
"GSE75665","F7",NA,NA,NA,0,FALSE,FALSE
"GSE75665","CD40",0,0.045,0.085,0,TRUE,FALSE
"GSE75665","APOB",NA,NA,NA,0,FALSE,FALSE
"GSE75665","AKR1B1",0,0.025,0,0,TRUE,FALSE
"GSE75665","CA2",0,0.005,0.1,0,TRUE,FALSE
"GSE75665","HIF1A",0,0,0,0,TRUE,FALSE
"GSE75665","NOS3",0,0,0.03,0,TRUE,FALSE
"GSE75665","CXCL8",0,0.15,0,0,TRUE,FALSE
"GSE75665","HBB",0,0.005,0.105,0,TRUE,FALSE
"GSE75665","GATA1",0,0,0,0,TRUE,FALSE
"GSE75665","ABCB1",0,0.025,0,0,TRUE,FALSE
"GSE75665","NR3C1",0,0.005,0,0,TRUE,FALSE
"GSE75665","HP",0,0.025,0,0,TRUE,FALSE
"GSE75665","TYR",NA,NA,NA,0,FALSE,FALSE
"GSE75665","SERPINE1",0,0.015,0,0,TRUE,FALSE
"GSE75665","MAPK14",0,0,0,0,TRUE,FALSE
"GSE75665","TP53",0,0.015,0,0,TRUE,FALSE
"GSE75665","INSR",0.105,0.32,0.77,1,TRUE,TRUE
"GSE75665","CASP9",0,0.005,0,0,TRUE,FALSE
"GSE75665","PGM1",0,0.025,0.08,0,TRUE,FALSE
"GSE75665","FCER2",0,0.09,0.215,0,TRUE,FALSE
"GSE75665","VEGFD",NA,NA,NA,0,FALSE,FALSE
"GSE75665","PTGS2",0,0.01,0,0,TRUE,FALSE
"GSE75665","IL1B",0,0.02,0.045,0,TRUE,FALSE
"GSE75665","ATM",0,0.01,0,0,TRUE,FALSE
"GSE75665","ESR1",0,0,0.065,0,TRUE,FALSE
"GSE75665","TAC1",NA,NA,NA,0,FALSE,FALSE
"GSE75665","SNCA",0,0.025,0,0,TRUE,FALSE
"GSE75665","CCK",NA,NA,NA,0,FALSE,FALSE
"GSE75665","ADRB2",0.04,0.175,0.46,0,TRUE,FALSE
"GSE75665","VEGFA",0,0.005,0,0,TRUE,FALSE
"GSE75665","CDKN2A",0,0.015,0.075,0,TRUE,FALSE
"GSE75665","TFRC",0,0.005,0,0,TRUE,FALSE
"GSE75665","TSHR",0,0.005,0,0,TRUE,FALSE
"GSE75665","TIMP1",0,0,0,0,TRUE,FALSE
"GSE75665","IL13",NA,NA,NA,0,FALSE,FALSE
"GSE75665","IL6",NA,NA,NA,0,FALSE,FALSE
"GSE75665","APP",0,0.005,0,0,TRUE,FALSE
"GSE75665","MMP9",0,0.03,0.04,0,TRUE,FALSE
