"row_id","subject_id","observed","LASSO_probability","RF_probability","SVM_probability","Ensemble_probability","outer_fold"
"AMS_01","AMS_01",1,0.482629019789934,0.3028,0.254241368363291,0.346556796051075,"mean_of_balanced_leave_pair_out_predictions"
"AMS_02","AMS_02",1,0.5,0.544,0.69539548450236,0.57979849483412,"mean_of_balanced_leave_pair_out_predictions"
"AMS_03","AMS_03",1,0.5,0.4864,0.430576725225178,0.472325575075059,"mean_of_balanced_leave_pair_out_predictions"
"AMS_04","AMS_04",1,0.5,0.3568,0.442560103372743,0.433120034457581,"mean_of_balanced_leave_pair_out_predictions"
"AMS_05","AMS_05",1,0.495657165552423,0.228,0.463556882286575,0.395738015946333,"mean_of_balanced_leave_pair_out_predictions"
"nonAMS_01","nonAMS_01",0,0.5,0.584,0.317027002750675,0.467009000916892,"mean_of_balanced_leave_pair_out_predictions"
"nonAMS_02","nonAMS_02",0,0.5,0.5116,0.381404656733359,0.464334885577786,"mean_of_balanced_leave_pair_out_predictions"
"nonAMS_03","nonAMS_03",0,0.480482870157954,0.4776,0.419459832946228,0.459180901034727,"mean_of_balanced_leave_pair_out_predictions"
"nonAMS_04","nonAMS_04",0,0.498080242430215,0.6064,0.562118208718138,0.555532817049451,"mean_of_balanced_leave_pair_out_predictions"
"nonAMS_05","nonAMS_05",0,0.5,0.5724,0.601448492877345,0.557949497625782,"mean_of_balanced_leave_pair_out_predictions"
