model,FPR,TPR
LASSO,0.0,0.0
LASSO,0.0,0.09090909090909091
LASSO,0.0,0.18181818181818182
LASSO,0.0,0.2727272727272727
LASSO,0.0,0.36363636363636365
LASSO,0.09090909090909091,0.36363636363636365
LASSO,0.09090909090909091,0.45454545454545453
LASSO,0.09090909090909091,0.5454545454545454
LASSO,0.09090909090909091,0.6363636363636364
LASSO,0.09090909090909091,0.7272727272727273
LASSO,0.09090909090909091,0.8181818181818182
LASSO,0.09090909090909091,0.9090909090909091
LASSO,0.09090909090909091,1.0
LASSO,0.18181818181818182,1.0
LASSO,0.2727272727272727,1.0
LASSO,0.36363636363636365,1.0
LASSO,0.45454545454545453,1.0
LASSO,0.5454545454545454,1.0
LASSO,0.6363636363636364,1.0
LASSO,0.7272727272727273,1.0
LASSO,0.8181818181818182,1.0
LASSO,0.9090909090909091,1.0
LASSO,1.0,1.0
LASSO,1.0,1.0
Elastic Net,0.0,0.0
Elastic Net,0.0,0.09090909090909091
Elastic Net,0.0,0.18181818181818182
Elastic Net,0.0,0.2727272727272727
Elastic Net,0.0,0.36363636363636365
Elastic Net,0.0,0.45454545454545453
Elastic Net,0.0,0.5454545454545454
Elastic Net,0.0,0.6363636363636364
Elastic Net,0.0,0.7272727272727273
Elastic Net,0.0,0.8181818181818182
Elastic Net,0.0,0.9090909090909091
Elastic Net,0.09090909090909091,0.9090909090909091
Elastic Net,0.09090909090909091,1.0
Elastic Net,0.18181818181818182,1.0
Elastic Net,0.2727272727272727,1.0
Elastic Net,0.36363636363636365,1.0
Elastic Net,0.45454545454545453,1.0
Elastic Net,0.5454545454545454,1.0
Elastic Net,0.6363636363636364,1.0
Elastic Net,0.7272727272727273,1.0
Elastic Net,0.8181818181818182,1.0
Elastic Net,0.9090909090909091,1.0
Elastic Net,1.0,1.0
Elastic Net,1.0,1.0
RF,0.0,0.0
RF,0.0,0.09090909090909091
RF,0.0,0.18181818181818182
RF,0.0,0.2727272727272727
RF,0.0,0.36363636363636365
RF,0.0,0.45454545454545453
RF,0.0,0.5454545454545454
RF,0.0,0.6363636363636364
RF,0.0,0.7272727272727273
RF,0.0,0.8181818181818182
RF,0.09090909090909091,0.8181818181818182
RF,0.09090909090909091,0.9090909090909091
RF,0.09090909090909091,1.0
RF,0.18181818181818182,1.0
RF,0.2727272727272727,1.0
RF,0.36363636363636365,1.0
RF,0.45454545454545453,1.0
RF,0.5454545454545454,1.0
RF,0.6363636363636364,1.0
RF,0.7272727272727273,1.0
RF,0.8181818181818182,1.0
RF,0.9090909090909091,1.0
RF,1.0,1.0
RF,1.0,1.0
SVM-RFE,0.0,0.0
SVM-RFE,0.0,0.09090909090909091
SVM-RFE,0.0,0.18181818181818182
SVM-RFE,0.0,0.2727272727272727
SVM-RFE,0.0,0.36363636363636365
SVM-RFE,0.0,0.45454545454545453
SVM-RFE,0.0,0.5454545454545454
SVM-RFE,0.0,0.6363636363636364
SVM-RFE,0.0,0.7272727272727273
SVM-RFE,0.0,0.8181818181818182
SVM-RFE,0.0,0.9090909090909091
SVM-RFE,0.0,1.0
SVM-RFE,0.09090909090909091,1.0
SVM-RFE,0.18181818181818182,1.0
SVM-RFE,0.2727272727272727,1.0
SVM-RFE,0.36363636363636365,1.0
SVM-RFE,0.45454545454545453,1.0
SVM-RFE,0.5454545454545454,1.0
SVM-RFE,0.6363636363636364,1.0
SVM-RFE,0.7272727272727273,1.0
SVM-RFE,0.8181818181818182,1.0
SVM-RFE,0.9090909090909091,1.0
SVM-RFE,1.0,1.0
SVM-RFE,1.0,1.0
